Workbook
Name AllData: Report!$A$7:$AB$140

Sheet Data
A1: CompanyName | B1: United Civil Construction Limited
A2: RunDate | B2: 45975.863
A3: TimeZone | B3: Pacific/Auckland
A4: DistanceUnit | B4: km
A5: SendReport | B5: TRUE
A6: LastModifiedUser | B6: System
A7: Language | B7: en
A8: DeviceName | B8: DeviceId | C8: DeviceGroup | D8: DeviceParentGroup | E8: DeviceGroup|Company Group | F8: CurrentDriver.UserFirstName | G8: CurrentDriver.UserLastName | H8: CurrentDriver.UserName | I8: WorkTimeName | J8: DeviceDetailsDevicePlan | K8: DeviceDetailsDrivingState | L8: DeviceDetailsPrivacyMode | M8: DeviceDetailsCurrentExceptions | N8: DeviceDetailsLocation | O8: Location.ZoneZoneTypes | P8: Location.ZoneExternalReference | Q8: DeviceDetailsCurrentOdometer | R8: DeviceDetailsCurrentEngineHours | S8: DeviceActiveFrom | T8: DeviceActiveTo | U8: DeviceDeviceType | V8: DeviceProductId | W8: DeviceMajor | X8: DeviceMinor | Y8: DeviceSerialNumber | Z8: DeviceLicensePlate | AA8: DeviceLicenseState | AB8: AutoVehicleManagement | AC8: HosSettings | AD8: DeviceVIN | AE8: DeviceEngineVIN | AF8: DeviceTimeZoneId | AG8: DeviceComment | AH8: DeviceStatusLastTrip | AI8: DeviceStatusLastGpsRecord | AJ8: DeviceCommunicationStatusState | AK8: DeviceCommunicationStatusStateInfo | AL8: DeviceStatusAnalysisTroubleDownloadStatus | AM8: DeviceProgrammingImmobilizeArming | AN8: DeviceProgrammingSpeedingOn | AO8: DeviceProgrammingSpeedingOff | AP8: DeviceProgrammingIdleMinutes | AQ8: DeviceProgrammingRpmValue | AR8: DeviceProgrammingHarshBrakeWarning | AS8: DeviceProgrammingOdometerOffset | AT8: DeviceProgrammingEngineHourOffset | AU8: DeviceDetailsMake | AV8: DeviceDetailsModel | AW8: DeviceDetailsYear | AX8: DeviceDetailsExtra
A9: 1 | B9: b2F2 | C9: Vehicle, EV/Other Management | D9: Company Group>Asset Information>Asset Type>Vehicle, Company Group>EV/Other Management | E9: EV/Other Management, Vehicle | I9: Standard Hours | J9: Terminate Mode,UI | L9: FALSE | Q9: 0 | R9: 0 | S9: 45948.893 | T9: 54789.542 | U9: Version 9 | V9: 120 | W9: 0 | X9: 0 | Y9: G9W1PJSDBFNV | AB9: FALSE | AC9: On | AE9: ? | AF9: UTC | AJ9: DeviceTerminated | AK9: The device Rate Plan has been terminated, and cannot be reactivated. Contact your fleet's Telematics Representative to order a new device. | AS9: 0 | AT9: 0 | AX9: VIN Error: CouldNotDecodeError;
A10: 103 | B10: b161 | C10: Digger, Excavator/Tradestaff, Machines, Trade Staff | D10: Company Group>Asset Information>Asset Type>Vehicle>Digger, Company Group>Excavator/Tradestaff, Company Group>Machines, Company Group>Trade Staff | E10: Digger, Excavator/Tradestaff, Machines, Trade Staff | I10: Standard Hours | J10: GO Mode,Garmin,HOS,Iridium,UI | K10: Stopped | L10: FALSE | M10: Channel Infrastructure | N10: Channel Infrastructure: 41 Mair Road, Marsden Point 0171, New Zealand | O10: Project | Q10: 283.65958 | R10: 348.29408 | S10: 45782.821 | T10: 54789.542 | U10: Version 9 | V10: 120 | W10: 42 | X10: 57 | Y10: G9JS3X5N41M7 | Z10: EUG563 | AB10: FALSE | AC10: On | AE10: @@@@@@@@@@@@@@@@@ | AF10: Pacific/Auckland | AG10: 14T Hitachi ZX140W-3 2009 | AH10: 45974.543 | AI10: 45975.849 | AL10: OK | AS10: 0 | AT10: 0 | AX10: VIN Error: CouldNotDecodeError;
A11: 1080 | B11: b2C5 | C11: Generator, Generator/Trade Staff, Trade Staff | D11: Company Group>Asset Information>Asset Type>Vehicle>Generator, Company Group>Generator/Trade Staff, Company Group>Trade Staff | E11: Generator, Generator/Trade Staff, Trade Staff | I11: Standard Hours | L11: FALSE | Q11: 0 | R11: 0 | S11: 45929.439 | T11: 54789.542 | U11: None | V11: -1 | AB11: FALSE | AC11: NotApplicable | AF11: UTC | AG11: P9 Fox | AS11: 0 | AT11: 0 | AX11: VIN Error: CouldNotDecodeError;
A12: 1081 | B12: b2C6 | C12: Generator, Generator/Trade Staff, Trade Staff | D12: Company Group>Asset Information>Asset Type>Vehicle>Generator, Company Group>Generator/Trade Staff, Company Group>Trade Staff | E12: Generator, Generator/Trade Staff, Trade Staff | I12: Standard Hours | L12: FALSE | Q12: 0 | R12: 521.54167 | S12: 45929.44 | T12: 54789.542 | U12: None | V12: -1 | AB12: FALSE | AC12: NotApplicable | AF12: UTC | AG12: P15 Fox | AS12: 0 | AT12: 0 | AX12: VIN Error: CouldNotDecodeError;
A13: 111 | B13: b176 | C13: Digger, Battery Electric Vehicle, Excavator/Tradestaff, Machines | D13: Company Group>Asset Information>Asset Type>Vehicle>Digger, Company Group>Asset Information>Powertrain and Fuel Type>Electric or Plug-In Hybrid>Battery Electric Vehicle, Company Group>Excavator/Tradestaff, Company Group>Machines | E13: Battery Electric Vehicle, Digger, Excavator/Tradestaff, Machines | F13: Archie | G13: Abellana | H13: archie.abellana | I13: Standard Hours | J13: GO Mode,Garmin,HOS,Iridium,UI | K13: Stopped | L13: FALSE | M13: Gillingham Road | N13: Gillingham Road: 75 Gillingham Road, Te Kamo, Whangārei 0112, New Zealand | O13: Project | Q13: 153.15073 | R13: 344.52307 | S13: 45842.406 | T13: 54789.542 | U13: Version 9 | V13: 120 | W13: 42 | X13: 57 | Y13: G9RHXM0XNPXP | AB13: FALSE | AC13: Off | AE13: @@@@@@@@@@@@@@@@@ | AF13: Pacific/Auckland | AG13: 13.5T Hitachi ZX135USLC-3 2012 | AH13: 45975.659 | AI13: 45975.848 | AL13: OK | AS13: 0 | AT13: 0 | AX13: VIN Error: CouldNotDecodeError;
A14: 1141 | B14: b2C7 | C14: Generator, Generator/Trade Staff, Trade Staff | D14: Company Group>Asset Information>Asset Type>Vehicle>Generator, Company Group>Generator/Trade Staff, Company Group>Trade Staff | E14: Generator, Generator/Trade Staff, Trade Staff | I14: Standard Hours | L14: FALSE | Q14: 0 | R14: 0 | S14: 45929.44 | T14: 54789.542 | U14: None | V14: -1 | AB14: FALSE | AC14: NotApplicable | AF14: UTC | AS14: 0 | AT14: 0 | AX14: VIN Error: CouldNotDecodeError;
A15: 122 | B15: b164 | C15: Digger, Excavator/Tradestaff, Machines, Trade Staff | D15: Company Group>Asset Information>Asset Type>Vehicle>Digger, Company Group>Excavator/Tradestaff, Company Group>Machines, Company Group>Trade Staff | E15: Digger, Excavator/Tradestaff, Machines, Trade Staff | I15: Standard Hours | J15: GO Mode,Garmin,HOS,Iridium,UI | K15: Stopped | L15: FALSE | M15: Kaitaia Wastewater | N15: Kaitaia Wastewater: 10 Puckey Avenue, Kaitaia 0410, New Zealand | O15: Project | Q15: 398.496 | R15: 277.74583 | S15: 45782.825 | T15: 54789.542 | U15: Version 9 | V15: 120 | W15: 42 | X15: 57 | Y15: G9071KVMB37P | AB15: FALSE | AC15: On | AE15: ????????????????? | AF15: Pacific/Auckland | AG15: 5.5T Hitachi ZX55U-5 2014 | AH15: 45967.487 | AI15: 45975.469 | AL15: OK | AS15: 0 | AT15: 0 | AX15: VIN Error: CouldNotDecodeError;
A16: 123 | B16: b16A | C16: Digger, Excavator/Tradestaff, Machines, Trade Staff | D16: Company Group>Asset Information>Asset Type>Vehicle>Digger, Company Group>Excavator/Tradestaff, Company Group>Machines, Company Group>Trade Staff | E16: Digger, Excavator/Tradestaff, Machines, Trade Staff | I16: Standard Hours | J16: GO Mode,Garmin,HOS,Iridium,UI | K16: Stopped | L16: FALSE | M16: Channel Infrastructure | N16: Channel Infrastructure: 41 Mair Road, Marsden Point 0171, New Zealand | O16: Project | Q16: 41.567631 | R16: 125.61197 | S16: 45782.835 | T16: 54789.542 | U16: Version 9 | V16: 120 | W16: 42 | X16: 57 | Y16: G9F8JM3179FZ | AB16: FALSE | AC16: Off | AE16: @@@@@@@@@@@@@@@@@ | AF16: Pacific/Auckland | AG16: 1.7T Hitachi ZX17U-2 2014 | AH16: 45974.547 | AI16: 45975.842 | AL16: OK | AS16: 0 | AT16: 0 | AX16: VIN Error: CouldNotDecodeError;
A17: 124 | B17: b166 | C17: Digger, Diesel, Excavator/Tradestaff, Machines, Trade Staff | D17: Company Group>Asset Information>Asset Type>Vehicle>Digger, Company Group>Asset Information>Powertrain and Fuel Type>Internal Combustion Engine>Diesel, Company Group>Excavator/Tradestaff, Company Group>Machines, Company Group>Trade Staff | E17: Diesel, Digger, Excavator/Tradestaff, Machines, Trade Staff | I17: Standard Hours | J17: GO Mode,Garmin,HOS,Iridium,UI | K17: Stopped | L17: FALSE | M17: Morningside | N17: Morningside: 65 Morningside Rd, Northland Region 0110, New Zealand | O17: Project | Q17: 229.87764 | R17: 388.45 | S17: 45782.834 | T17: 54789.542 | U17: Version 9 | V17: 120 | W17: 42 | X17: 57 | Y17: G9EKK0KRFU3Y | AB17: FALSE | AC17: Off | AE17: jjjjjjjjjjjjjjjjj | AF17: Pacific/Auckland | AG17: 23.5T Hyundai R235 LCR-9 2014 | AH17: 45975.821 | AI17: 45975.844 | AL17: OK | AS17: 0 | AT17: 0 | AX17: VIN Error: CouldNotDecodeError;
A18: 128 | B18: b170 | C18: Digger, Diesel, Excavator/Tradestaff, Machines, Trade Staff | D18: Company Group>Asset Information>Asset Type>Vehicle>Digger, Company Group>Asset Information>Powertrain and Fuel Type>Internal Combustion Engine>Diesel, Company Group>Excavator/Tradestaff, Company Group>Machines, Company Group>Trade Staff | E18: Diesel, Digger, Excavator/Tradestaff, Machines, Trade Staff | I18: Standard Hours | J18: GO Mode,Garmin,HOS,Iridium,UI | K18: Stopped | L18: FALSE | M18: Morningside | N18: Morningside: 65 Morningside Rd, Northland Region 0110, New Zealand | O18: Project | Q18: 265.51221 | R18: 322.36667 | S18: 45782.834 | T18: 54789.542 | U18: Version 9 | V18: 120 | W18: 42 | X18: 57 | Y18: G9USRCKV6BVV | AB18: FALSE | AC18: Off | AE18: jjjjjjjjjjjjjjjjj | AF18: Pacific/Auckland | AG18: 23.5T Hyundai R235LCR-9 2016 | AH18: 45975.742 | AI18: 45975.847 | AL18: OK | AS18: 0 | AT18: 0 | AX18: VIN Error: CouldNotDecodeError;
A19: 129 | B19: b160 | C19: Digger, Excavator/Tradestaff, Machines, Trade Staff | D19: Company Group>Asset Information>Asset Type>Vehicle>Digger, Company Group>Excavator/Tradestaff, Company Group>Machines, Company Group>Trade Staff | E19: Digger, Excavator/Tradestaff, Machines, Trade Staff | I19: Standard Hours | J19: GO Mode,Garmin,HOS,Iridium,UI | K19: Stopped | L19: FALSE | M19: Kaitaia Wastewater | N19: Kaitaia Wastewater: 1 Bonnetts Road, Kaitaia 0410, New Zealand | O19: Project | Q19: 244.47006 | R19: 6.0732569 | S19: 45782.834 | T19: 54789.542 | U19: Version 9 | V19: 120 | W19: 42 | X19: 57 | Y19: G940DTZJ0XM1 | AB19: FALSE | AC19: Off | AE19: @@@@@@@@@@@@@@@@@ | AF19: Pacific/Auckland | AG19: 1.7T Hyundai R17z-19A 2017 | AH19: 45975.334 | AI19: 45975.863 | AL19: OK | AS19: 0 | AT19: 0 | AX19: VIN Error: CouldNotDecodeError;
A20: 130 | B20: b16E | C20: Digger, Excavator/Tradestaff, Machines, Trade Staff | D20: Company Group>Asset Information>Asset Type>Vehicle>Digger, Company Group>Excavator/Tradestaff, Company Group>Machines, Company Group>Trade Staff | E20: Digger, Excavator/Tradestaff, Machines, Trade Staff | I20: Standard Hours | J20: GO Mode,Garmin,HOS,Iridium,UI | K20: Stopped | L20: FALSE | M20: Ngawha,Ngawha | N20: Ngawha: 73B Bannister Road, Ngawha Springs 0472, New Zealand | O20: Project | Q20: 549.59198 | R20: 88.830679 | S20: 45782.835 | T20: 54789.542 | U20: Version 9 | V20: 120 | W20: 42 | X20: 57 | Y20: G9K3YS8BXU3J | AB20: FALSE | AC20: Off | AE20: @@@@@@@@@@@@@@@@@ | AF20: Pacific/Auckland | AG20: 1.7T Hyundai R17z-19A 2017 | AH20: 45974.572 | AI20: 45975.856 | AL20: OK | AS20: 0 | AT20: 0 | AX20: VIN Error: CouldNotDecodeError;
A21: 1304 | B21: b2C8 | C21: Pump, Pump/Trade Staff, Trade Staff | D21: Company Group>Asset Information>Asset Type>Vehicle>Pump, Company Group>Pump/Trade Staff, Company Group>Trade Staff | E21: Pump, Pump/Trade Staff, Trade Staff | I21: Standard Hours | L21: FALSE | Q21: 0 | R21: 0 | S21: 45929.442 | T21: 54789.542 | U21: None | V21: -1 | AB21: FALSE | AC21: NotApplicable | AF21: UTC | AG21: Pump - Vacuum Prime Pumpset BA100K | AS21: 0 | AT21: 0 | AX21: VIN Error: CouldNotDecodeError;
A22: 132 | B22: b178 | C22: Digger, Excavator/Tradestaff, Machines, Trade Staff | D22: Company Group>Asset Information>Asset Type>Vehicle>Digger, Company Group>Excavator/Tradestaff, Company Group>Machines, Company Group>Trade Staff | E22: Digger, Excavator/Tradestaff, Machines, Trade Staff | F22: Kymani | G22: Paikea | H22: kymani.paikea | I22: Standard Hours | J22: GO Mode,Garmin,HOS,Iridium,UI | K22: Stopped | L22: FALSE | M22: Ruakaka Solar Farm Site 2 | N22: Ruakaka Solar Farm Site 2: 34 Mccathie Road, Ruakākā 0171, New Zealand | O22: Project | Q22: 132.82076 | R22: 208.99308 | S22: 45782.835 | T22: 54789.542 | U22: Version 9 | V22: 120 | W22: 42 | X22: 57 | Y22: G98ZPSY1BD3K | AB22: FALSE | AC22: Off | AE22: @@@@@@@@@@@@@@@@@ | AF22: Pacific/Auckland | AG22: 8T Hyundai R80CR-9 2018 | AH22: 45972.514 | AI22: 45975.517 | AL22: OK | AS22: 0 | AT22: 0 | AX22: VIN Error: CouldNotDecodeError;
A23: 133 | B23: b17B | C23: Digger, Diesel, Excavator/Tradestaff, Machines, Trade Staff | D23: Company Group>Asset Information>Asset Type>Vehicle>Digger, Company Group>Asset Information>Powertrain and Fuel Type>Internal Combustion Engine>Diesel, Company Group>Excavator/Tradestaff, Company Group>Machines, Company Group>Trade Staff | E23: Diesel, Digger, Excavator/Tradestaff, Machines, Trade Staff | I23: Standard Hours | J23: GO Mode,Garmin,HOS,Iridium,UI | K23: Stopped | L23: FALSE | M23: Kaitaia Wastewater | N23: Kaitaia Wastewater: 4 Bonnetts Road, Kaitaia 0410, New Zealand | O23: Project | Q23: 307.37079 | R23: 271.12686 | S23: 45782.835 | T23: 54789.542 | U23: Version 9 | V23: 120 | W23: 42 | X23: 57 | Y23: G9JN6AVZ9WNA | AB23: FALSE | AC23: Off | AE23: @@@@@@@@@@@@@@@@@ | AF23: Pacific/Auckland | AG23: 22.5T Hitachi ZX225 USLC-5 2018 | AH23: 45975.629 | AI23: 45975.86 | AL23: OK | AS23: 0 | AT23: 0 | AX23: VIN Error: CouldNotDecodeError;
A24: 134 | B24: b179 | C24: Digger, Excavator/Tradestaff, Machines, Trade Staff | D24: Company Group>Asset Information>Asset Type>Vehicle>Digger, Company Group>Excavator/Tradestaff, Company Group>Machines, Company Group>Trade Staff | E24: Digger, Excavator/Tradestaff, Machines, Trade Staff | I24: Standard Hours | J24: GO Mode,Garmin,HOS,Iridium,UI | K24: Stopped | L24: FALSE | M24: Kaikohe Work Area | N24: Kaikohe Work Area: 39 Bisset Road, Kaikohe 0405, New Zealand | O24: Project | Q24: 353.31464 | R24: 189.65722 | S24: 45782.836 | T24: 54789.542 | U24: Version 9 | V24: 120 | W24: 42 | X24: 57 | Y24: G9AXAZ5WJSNC | AB24: FALSE | AC24: Off | AE24: @@@@@@@@@@@@@@@@@ | AF24: Pacific/Auckland | AG24: 14.5T Hyundai R145CRD-9 2018 | AH24: 45975.646 | AI24: 45975.855 | AL24: OK | AS24: 0 | AT24: 0 | AX24: VIN Error: CouldNotDecodeError;
A25: 137 | B25: b173 | C25: Digger, Excavator/Tradestaff, Machines, Trade Staff | D25: Company Group>Asset Information>Asset Type>Vehicle>Digger, Company Group>Excavator/Tradestaff, Company Group>Machines, Company Group>Trade Staff | E25: Digger, Excavator/Tradestaff, Machines, Trade Staff | I25: Standard Hours | J25: GO Mode,Garmin,HOS,Iridium,UI | K25: Stopped | L25: FALSE | M25: Kaikohe | N25: Kaikohe: 91 Mangakahia Road, Kaikohe 0474, New Zealand | O25: Project | Q25: 361.92508 | R25: 110.25417 | S25: 45782.836 | T25: 54789.542 | U25: Version 9 | V25: 120 | W25: 42 | X25: 57 | Y25: G960M159TRJS | AB25: FALSE | AC25: Off | AE25: ????????????????? | AF25: Pacific/Auckland | AG25: 6T Hitachi ZX65USB-5A 2018 | AH25: 45975.463 | AI25: 45975.86 | AL25: OK | AS25: 0 | AT25: 0 | AX25: VIN Error: CouldNotDecodeError;
A26: 138 | B26: b16B | C26: Digger, Diesel, Excavator/Tradestaff, Machines, Trade Staff | D26: Company Group>Asset Information>Asset Type>Vehicle>Digger, Company Group>Asset Information>Powertrain and Fuel Type>Internal Combustion Engine>Diesel, Company Group>Excavator/Tradestaff, Company Group>Machines, Company Group>Trade Staff | E26: Diesel, Digger, Excavator/Tradestaff, Machines, Trade Staff | I26: Standard Hours | J26: GO Mode,Garmin,HOS,Iridium,UI | K26: Stopped | L26: FALSE | M26: Morningside | N26: Morningside: 60 Morningside Road, Morningside, Whangārei 0110, New Zealand | O26: Project | Q26: 218.2724 | R26: 189.65398 | S26: 45782.836 | T26: 54789.542 | U26: Version 9 | V26: 120 | W26: 42 | X26: 57 | Y26: G9ZT0W7U7AX9 | AB26: FALSE | AC26: Off | AE26: @@@@@@@@@@@@@@@@@ | AF26: Pacific/Auckland | AG26: 13.5T Hitachi ZX135US-5B 2019 | AH26: 45973.33 | AI26: 45975.853 | AL26: OK | AS26: 0 | AT26: 0 | AX26: VIN Error: CouldNotDecodeError;
A27: 139 | B27: b17A | C27: Digger, Diesel, Excavator/Tradestaff, Machines, Trade Staff | D27: Company Group>Asset Information>Asset Type>Vehicle>Digger, Company Group>Asset Information>Powertrain and Fuel Type>Internal Combustion Engine>Diesel, Company Group>Excavator/Tradestaff, Company Group>Machines, Company Group>Trade Staff | E27: Diesel, Digger, Excavator/Tradestaff, Machines, Trade Staff | I27: Standard Hours | J27: GO Mode,Garmin,HOS,Iridium,UI | K27: Stopped | L27: FALSE | M27: Kaitaia Wastewater | N27: Kaitaia Wastewater: 5 Eden Terrace, Kaitaia 0410, New Zealand | O27: Project | Q27: 201.37395 | R27: 103.13083 | S27: 45782.837 | T27: 54789.542 | U27: Version 9 | V27: 120 | W27: 42 | X27: 57 | Y27: G9KESM7CCB7P | AB27: FALSE | AC27: Off | AE27: @@@@@@@@@@@@@@@@@ | AF27: Pacific/Auckland | AG27: 13.5T Hitachi ZX135US-5B 2022 | AH27: 45974.655 | AI27: 45975.844 | AL27: OK | AS27: 0 | AT27: 0 | AX27: VIN Error: CouldNotDecodeError;
A28: 140 | B28: b165 | C28: Digger, Excavator/Tradestaff, Machines, Trade Staff | D28: Company Group>Asset Information>Asset Type>Vehicle>Digger, Company Group>Excavator/Tradestaff, Company Group>Machines, Company Group>Trade Staff | E28: Digger, Excavator/Tradestaff, Machines, Trade Staff | I28: Standard Hours | J28: GO Mode,Garmin,HOS,Iridium,UI | K28: Stopped | L28: FALSE | M28: Channel Infrastructure | N28: Channel Infrastructure: Timber Trail, Northland Region, New Zealand | O28: Project | Q28: 10.799479 | R28: 52.547708 | S28: 45782.839 | T28: 54789.542 | U28: Version 9 | V28: 120 | W28: 42 | X28: 57 | Y28: G95WT8P1KVE4 | AB28: FALSE | AC28: Off | AE28: ? | AF28: Pacific/Auckland | AG28: 2.6T Hitachi ZX26U-5A 2022 | AH28: 45974.633 | AI28: 45975.5 | AL28: OK | AS28: 0 | AT28: 0 | AX28: VIN Error: CouldNotDecodeError;
A29: 141 | B29: b175 | C29: Digger, Excavator/Tradestaff, Machines, Trade Staff | D29: Company Group>Asset Information>Asset Type>Vehicle>Digger, Company Group>Excavator/Tradestaff, Company Group>Machines, Company Group>Trade Staff | E29: Digger, Excavator/Tradestaff, Machines, Trade Staff | F29: Paul | G29: Travers | H29: paul.travers | I29: Standard Hours | J29: GO Mode,Garmin,HOS,Iridium,UI | K29: Stopped | L29: FALSE | M29: Morningside | N29: Morningside: 80 Morningside Road, Morningside, Whangārei 0110, New Zealand | O29: Project | Q29: 1909.9972 | R29: 90.6 | S29: 45782.839 | T29: 54789.542 | U29: Version 9 | V29: 120 | W29: 42 | X29: 57 | Y29: G97JWZZS6MBT | AB29: FALSE | AC29: Off | AE29: ????????????????? | AF29: Pacific/Auckland | AG29: 6T Hitachi ZX65USB-5A 2022 | AH29: 45975.643 | AI29: 45975.858 | AL29: OK | AS29: 0 | AT29: 0 | AX29: VIN Error: CouldNotDecodeError;
A30: 142 | B30: b167 | C30: Digger, Excavator/Tradestaff, Machines, Trade Staff | D30: Company Group>Asset Information>Asset Type>Vehicle>Digger, Company Group>Excavator/Tradestaff, Company Group>Machines, Company Group>Trade Staff | E30: Digger, Excavator/Tradestaff, Machines, Trade Staff | F30: Jay | G30: Libarnes | H30: jay.libarnes | I30: Standard Hours | J30: GO Mode,Garmin,HOS,Iridium,UI | K30: Stopped | L30: FALSE | M30: Morningside | N30: Morningside: 65 Morningside Rd, Northland Region 0110, New Zealand | O30: Project | Q30: 584.02374 | R30: 61.608334 | S30: 45842.407 | T30: 54789.542 | U30: Version 9 | V30: 120 | W30: 42 | X30: 57 | Y30: G94CDT2RF5R3 | AB30: FALSE | AC30: Off | AE30: ????????????????? | AF30: Pacific/Auckland | AG30: 6T Hitachi ZX65USB-5A 2022 | AH30: 45975.823 | AI30: 45975.845 | AL30: OK | AS30: 0 | AT30: 0 | AX30: VIN Error: CouldNotDecodeError;
A31: 143 | B31: b15F | C31: Digger, Excavator/Tradestaff, Machines, Trade Staff | D31: Company Group>Asset Information>Asset Type>Vehicle>Digger, Company Group>Excavator/Tradestaff, Company Group>Machines, Company Group>Trade Staff | E31: Digger, Excavator/Tradestaff, Machines, Trade Staff | I31: Standard Hours | J31: GO Mode,Garmin,HOS,Iridium,UI | K31: Stopped | L31: FALSE | M31: Kaikohe Work Area | N31: Kaikohe Work Area: 29 Wihongi Street, Kaikohe 0405, New Zealand | O31: Project | Q31: 439.50159 | R31: 57.83075 | S31: 45782.834 | T31: 54789.542 | U31: Version 9 | V31: 120 | W31: 42 | X31: 57 | Y31: G97CJZK7PW0N | AB31: FALSE | AC31: Off | AE31: @@@@@@@@@@@@@@@@@ | AF31: Pacific/Auckland | AG31: 2.6T Hitachi ZX26U-5A 2022 | AH31: 45974.483 | AI31: 45975.861 | AL31: OK | AS31: 0 | AT31: 0 | AX31: VIN Error: CouldNotDecodeError;
A32: 144 | B32: b172 | C32: Digger, Excavator/Tradestaff, Machines, Trade Staff | D32: Company Group>Asset Information>Asset Type>Equipment>Digger, Company Group>Excavator/Tradestaff, Company Group>Machines, Company Group>Trade Staff | E32: Digger, Excavator/Tradestaff, Machines, Trade Staff | I32: Standard Hours | J32: GO Mode,Garmin,HOS,Iridium,UI | K32: Stopped | L32: FALSE | M32: United Civil Head Office | N32: United Civil Head Office: 19B Rewa Rewa Road, Raumanga, Whangārei 0110, New Zealand | O32: Office Zone | Q32: 494.29266 | R32: 518.81555 | S32: 45782.841 | T32: 54789.542 | U32: Version 9 | V32: 120 | W32: 37 | X32: 27 | Y32: G9CH5398MV5N | AB32: FALSE | AC32: Off | AE32: @@@@@@@@@@@@@@@@@ | AF32: Pacific/Auckland | AG32: 14.5T Hyundai R145CRD-9 2012 | AH32: 45968.544 | AI32: 45968.545 | AL32: Device is not downloading data | AS32: 0 | AT32: 0 | AX32: VIN Error: CouldNotDecodeError;
A33: 146 | B33: b107 | C33: Electric Vehicles, Battery Electric Vehicle, Fuel Cell Electric Vehicle, Manually Classified Powertrain, Excavator/Tradestaff, Machines | D33: Company Group>Asset Information>Asset Type>Vehicle>Electric Vehicles, Company Group>Asset Information>Powertrain and Fuel Type>Electric or Plug-In Hybrid>Battery Electric Vehicle, Company Group>Asset Information>Powertrain and Fuel Type>Fuel Cell Electric Vehicle, Company Group>Asset Information>Powertrain and Fuel Type>Manually Classified Powertrain, Company Group>Excavator/Tradestaff, Company Group>Machines | E33: Battery Electric Vehicle, Electric Vehicles, Excavator/Tradestaff, Fuel Cell Electric Vehicle, Machines, Manually Classified Powertrain | I33: Standard Hours | J33: GO Mode,Garmin,HOS,Iridium,UI | K33: Stopped | L33: FALSE | M33: Channel Infrastructure,Channel Infrastructure,Asset Battery Drain | N33: Channel Infrastructure: 839 Port Marsden Highway, Marsden Point 0171, New Zealand | O33: Project | Q33: 11.266312 | R33: 7.1712034 | S33: 45724.473 | T33: 54789.542 | U33: Version 9 | V33: 120 | W33: 42 | X33: 55 | Y33: G918211C3B1E | AB33: FALSE | AC33: Off | AE33: ? | AF33: Pacific/Auckland | AG33: Etrucks EV Digger | AH33: 45919.362 | AI33: 45955.789 | AL33: Device is not downloading data | AS33: 0 | AT33: 0 | AX33: VIN Error: CouldNotDecodeError;
A34: 200 | B34: b16C | C34: Loader, Loader/Trade Staff, Machines | D34: Company Group>Asset Information>Asset Type>Vehicle>Loader, Company Group>Loader/Trade Staff, Company Group>Machines | E34: Loader, Loader/Trade Staff, Machines | F34: Moses | G34: Tito | H34: moses.tito | I34: Standard Hours | J34: GO Mode,Garmin,HOS,Iridium,UI | K34: Stopped | L34: FALSE | M34: Kaikohe | N34: Kaikohe: 13 Carey Road, Kaikohe 0474, New Zealand | O34: Project | Q34: 1218.7343 | R34: 339.09583 | S34: 45826.452 | T34: 54789.542 | U34: Version 9 | V34: 120 | W34: 42 | X34: 57 | Y34: G9XMUXRXUHFA | Z34: DNF822 | AB34: FALSE | AC34: Off | AE34: ````````````````` | AF34: Pacific/Auckland | AG34: 14T Hyundai HL757-7 2006 | AH34: 45975.646 | AI34: 45975.856 | AL34: OK | AS34: 0 | AT34: -979200 | AX34: VIN Error: CouldNotDecodeError;
A35: 202 | B35: b169 | C35: Loader, Loader/Trade Staff, Machines, Trade Staff | D35: Company Group>Asset Information>Asset Type>Vehicle>Loader, Company Group>Loader/Trade Staff, Company Group>Machines, Company Group>Trade Staff | E35: Loader, Loader/Trade Staff, Machines, Trade Staff | F35: Izak | G35: Proctor | H35: izak.proctor | I35: Standard Hours | J35: GO Mode,Garmin,HOS,Iridium,UI | K35: Stopped | L35: FALSE | M35: Gillingham Road,Gillingham Road | N35: Gillingham Road: 62A Gillingham Road, Te Kamo, Whangārei 0112, New Zealand | O35: Project | Q35: 33.721222 | R35: 140.67289 | S35: 45782.842 | T35: 54789.542 | U35: Version 9 | V35: 120 | W35: 42 | X35: 57 | Y35: G9H18PAP17UE | Z35: JJL907 | AB35: FALSE | AC35: Off | AE35: @@@@@@@@@@@@@@@@@ | AF35: Pacific/Auckland | AG35: 5T Kubota R520S 2014 | AH35: 45973.312 | AI35: 45975.666 | AL35: OK | AS35: 0 | AT35: 0 | AX35: VIN Error: CouldNotDecodeError;
A36: 203 | B36: b168 | C36: Loader, Loader/Trade Staff, Machines, Trade Staff | D36: Company Group>Asset Information>Asset Type>Vehicle>Loader, Company Group>Loader/Trade Staff, Company Group>Machines, Company Group>Trade Staff | E36: Loader, Loader/Trade Staff, Machines, Trade Staff | I36: Standard Hours | J36: GO Mode,Garmin,HOS,Iridium,UI | K36: Stopped | L36: FALSE | M36: Channel Infrastructure | N36: Channel Infrastructure: Timber Trail, Northland Region, New Zealand | O36: Project | Q36: 1046.3342 | R36: 158.27463 | S36: 45782.843 | T36: 54789.542 | U36: Version 9 | V36: 120 | W36: 42 | X36: 57 | Y36: G9N7PTSZASUX | Z36: B9BKT | AB36: FALSE | AC36: Off | AE36: @@@@@@@@@@@@@@@@@ | AF36: Pacific/Auckland | AG36: 3T Kubota R420S 2014 | AH36: 45975.657 | AI36: 45975.848 | AL36: OK | AS36: 0 | AT36: 0 | AX36: VIN Error: CouldNotDecodeError;
A37: 204 | B37: b307 | C37: Loader, Loader/Trade Staff | D37: Company Group>Asset Information>Asset Type>Vehicle>Loader, Company Group>Loader/Trade Staff | E37: Loader, Loader/Trade Staff | I37: Standard Hours | L37: FALSE | Q37: 0 | R37: 205.41667 | S37: 45959.563 | T37: 54789.542 | U37: None | V37: -1 | AB37: FALSE | AC37: NotApplicable | AF37: UTC | AG37: 18T Landex XCMG LW500K 2016 | AS37: 0 | AT37: 0 | AX37: VIN Error: CouldNotDecodeError;
A38: 206 | B38: b162 | C38: Loader, Machines, Telehandler/Trade Staff, Trade Staff | D38: Company Group>Asset Information>Asset Type>Vehicle>Loader, Company Group>Machines, Company Group>Telehandler/Trade Staff, Company Group>Trade Staff | E38: Loader, Machines, Telehandler/Trade Staff, Trade Staff | I38: Standard Hours | J38: GO Mode,Garmin,HOS,Iridium,UI | K38: Stopped | L38: FALSE | M38: Kaikohe | N38: Kaikohe: 8 Lindvart Street, Kaikohe 0474, New Zealand | O38: Project | Q38: 577.38269 | R38: 110.6875 | S38: 45782.843 | T38: 54789.542 | U38: Version 9 | V38: 120 | W38: 42 | X38: 57 | Y38: G9PMT34EV9EP | Z38: QPW244 | AB38: FALSE | AC38: Off | AE38: @@@@@@@@@@@@@@@@@ | AF38: Pacific/Auckland | AG38: 7T Manitou MLT-X732 | AH38: 45975.62 | AI38: 45975.851 | AL38: OK | AS38: 0 | AT38: 0 | AX38: VIN Error: CouldNotDecodeError;
A39: 207 | B39: b16D | C39: Loader, Machines, Telehandler/Trade Staff, Trade Staff | D39: Company Group>Asset Information>Asset Type>Vehicle>Loader, Company Group>Machines, Company Group>Telehandler/Trade Staff, Company Group>Trade Staff | E39: Loader, Machines, Telehandler/Trade Staff, Trade Staff | F39: Felix | G39: Bongalos | H39: felix.bongalos | I39: Standard Hours | J39: GO Mode,Garmin,HOS,Iridium,UI | K39: Stopped | L39: FALSE | M39: Channel Infrastructure | N39: Channel Infrastructure: 12 Ralph Trimmer Drive, Marsden Point 0171, New Zealand | O39: Project | Q39: 1619.0862 | R39: 118.57661 | S39: 45782.844 | T39: 54789.542 | U39: Version 9 | V39: 120 | W39: 42 | X39: 57 | Y39: G9VD67CSFR72 | Z39: QEG429 | AB39: FALSE | AC39: Off | AE39: @@@@@@@@@@@@@@@@@ | AF39: Pacific/Auckland | AG39: 5T Manitou MT625 | AH39: 45975.628 | AI39: 45975.859 | AL39: OK | AS39: 0 | AT39: 0 | AX39: VIN Error: CouldNotDecodeError;
A40: 208 | B40: b163 | C40: Loader, Machines, Telehandler/Trade Staff, Trade Staff | D40: Company Group>Asset Information>Asset Type>Vehicle>Loader, Company Group>Machines, Company Group>Telehandler/Trade Staff, Company Group>Trade Staff | E40: Loader, Machines, Telehandler/Trade Staff, Trade Staff | I40: Standard Hours | J40: GO Mode,Garmin,HOS,Iridium,UI | K40: Stopped | L40: FALSE | M40: Morningside | N40: Morningside: 80 Morningside Road, Morningside, Whangārei 0110, New Zealand | O40: Project | Q40: 102.41561 | R40: 70.130299 | S40: 45861.619 | T40: 54789.542 | U40: Version 9 | V40: 120 | W40: 37 | X40: 27 | Y40: G9AE0M2U2XW4 | Z40: QEG430 | AB40: FALSE | AC40: On | AE40: @@@@@@@@@@@@@@@@@ | AF40: Pacific/Auckland | AG40: 7T Manitou MLT-X732 | AH40: 45974.791 | AI40: 45975.857 | AL40: OK | AS40: 0 | AT40: 0 | AX40: VIN Error: CouldNotDecodeError;
A41: 209 | B41: b177 | C41: Loader, Machines, Telehandler/Trade Staff, Trade Staff | D41: Company Group>Asset Information>Asset Type>Vehicle>Loader, Company Group>Machines, Company Group>Telehandler/Trade Staff, Company Group>Trade Staff | E41: Loader, Machines, Telehandler/Trade Staff, Trade Staff | I41: Standard Hours | J41: GO Mode,Garmin,HOS,Iridium,UI | K41: Stopped | L41: FALSE | M41: Kaitaia Wastewater | N41: Kaitaia Wastewater: 19 Puckey Avenue, Kaitaia 0410, New Zealand | O41: Project | Q41: 525.92377 | R41: 58.848648 | S41: 45782.846 | T41: 54789.542 | U41: Version 9 | V41: 120 | W41: 42 | X41: 57 | Y41: G9RS70FNPW7W | Z41: QEG431 | AB41: FALSE | AC41: Off | AE41: @@@@@@@@@@@@@@@@@ | AF41: Pacific/Auckland | AG41: 7T Manitou MLT-X732 | AH41: 45975.636 | AI41: 45975.848 | AL41: OK | AS41: 0 | AT41: 0 | AX41: VIN Error: CouldNotDecodeError;
A42: 210 | B42: b171 | C42: Loader, Diesel, Loader/Trade Staff, Machines, Trade Staff | D42: Company Group>Asset Information>Asset Type>Vehicle>Loader, Company Group>Asset Information>Powertrain and Fuel Type>Internal Combustion Engine>Diesel, Company Group>Loader/Trade Staff, Company Group>Machines, Company Group>Trade Staff | E42: Diesel, Loader, Loader/Trade Staff, Machines, Trade Staff | I42: Standard Hours | J42: GO Mode,Garmin,HOS,Iridium,UI | K42: Stopped | L42: FALSE | M42: Kaitaia Wastewater | N42: Kaitaia Wastewater: 19 Puckey Avenue, Kaitaia 0410, New Zealand | O42: Project | Q42: 513.34998 | R42: 52.4875 | S42: 45895.666 | T42: 54789.542 | U42: Version 9 | V42: 120 | W42: 42 | X42: 57 | Y42: G9S1YZ20ERNN | AB42: FALSE | AC42: Off | AE42: @@@@@@@@@@@@@@@@@ | AF42: Pacific/Auckland | AG42: Cat 299D3 Compact Track 2022 | AH42: 45973.478 | AI42: 45975.637 | AL42: OK | AS42: 0 | AT42: 0 | AX42: VIN Error: CouldNotDecodeError;
A43: 3414 | B43: b18F | C43: Heavy Diesel Vehicles, HDV/Trade Staff, Machines, Trade Staff | D43: Company Group>Asset Information>Asset Type>Vehicle>Heavy Diesel Vehicles, Company Group>HDV/Trade Staff, Company Group>Machines, Company Group>Trade Staff | E43: HDV/Trade Staff, Heavy Diesel Vehicles, Machines, Trade Staff | I43: Standard Hours | J43: GO Mode,Garmin,HOS,Iridium,UI | K43: Stopped | L43: FALSE | M43: Ruakaka Solar Farm Site 2 | N43: Ruakaka Solar Farm Site 2: 41 Mccathie Road, Ruakākā 0171, New Zealand | O43: Project | Q43: 171325.34 | R43: 147.15552 | S43: 45782.958 | T43: 54789.542 | U43: Version 9 | V43: 120 | W43: 42 | X43: 57 | Y43: G9R2VNN6AEF6 | AB43: FALSE | AC43: Off | AE43: @@@@@@@@@@@@@@@@@ | AF43: Pacific/Auckland | AG43: Mitsubishi Fuso Fighter FK200K6 2007 | AH43: 45975.402 | AI43: 45975.862 | AL43: OK | AS43: 0 | AT43: 0 | AX43: VIN Error: CouldNotDecodeError;
A44: 3418 | B44: b190 | C44: Roller, Machines, Roller/Trade Staff, Trade Staff | D44: Company Group>Asset Information>Asset Type>Equipment>Roller, Company Group>Machines, Company Group>Roller/Trade Staff, Company Group>Trade Staff | E44: Machines, Roller, Roller/Trade Staff, Trade Staff | I44: Standard Hours | J44: GO Mode,Garmin,HOS,Iridium,UI | K44: Stopped | L44: FALSE | M44: United Civil Head Office,United Civil Head Office | N44: United Civil Head Office: 19 Rewa Rewa Road, Raumanga, Whangārei 0110, New Zealand | O44: Office Zone | Q44: 0.038896903 | R44: 58.708746 | S44: 45782.85 | T44: 54789.542 | U44: Version 9 | V44: 120 | W44: 42 | X44: 57 | Y44: G9SV4TP3K9RH | AB44: FALSE | AC44: Off | AE44: ? | AF44: Pacific/Auckland | AG44: 10T Sakai R2S 2000 Static 3 Pin | AH44: 45952.387 | AI44: 45975.407 | AL44: OK | AS44: 0 | AT44: 0 | AX44: VIN Error: CouldNotDecodeError;
A45: 3420 | B45: b18D | C45: Roller, Machines, Roller/Trade Staff, Trade Staff | D45: Company Group>Asset Information>Asset Type>Equipment>Roller, Company Group>Machines, Company Group>Roller/Trade Staff, Company Group>Trade Staff | E45: Machines, Roller, Roller/Trade Staff, Trade Staff | I45: Standard Hours | J45: GO Mode,Garmin,HOS,Iridium,UI | K45: Stopped | L45: FALSE | N45: 6970 Mangakahia Road, Kaikohe 0474, New Zealand | Q45: 50.01572 | R45: 70.062509 | S45: 45782.851 | T45: 54789.542 | U45: Version 9 | V45: 120 | W45: 37 | X45: 27 | Y45: G9WW8A64TCM9 | Z45: EKW475 | AB45: FALSE | AC45: Off | AE45: @@@@@@@@@@@@@@@@@ | AF45: Pacific/Auckland | AG45: 10T Sakai R2S 1990 Static 3 Pin | AH45: 45975.659 | AI45: 45975.85 | AL45: OK | AS45: 0 | AT45: 0 | AX45: VIN Error: CouldNotDecodeError;
A46: 3421 | B46: b194 | C46: Grader, Grader/Trade Staff, Machines, Trade Staff | D46: Company Group>Asset Information>Asset Type>Vehicle>Grader, Company Group>Grader/Trade Staff, Company Group>Machines, Company Group>Trade Staff | E46: Grader, Grader/Trade Staff, Machines, Trade Staff | I46: Standard Hours | J46: GO Mode,Garmin,HOS,Iridium,UI | K46: Stopped | L46: FALSE | M46: Ruakaka Solar Farm Site 2,Channel Infrastructure | N46: Channel Infrastructure: 1 Ralph Trimmer Drive, Marsden Point 0171, New Zealand | O46: Project | Q46: 60.835777 | R46: 355.3143 | S46: 45782.851 | T46: 54789.542 | U46: Version 9 | V46: 120 | W46: 37 | X46: 27 | Y46: G90U7JYD5F1E | Z46: EKW476 | AB46: FALSE | AC46: Off | AE46: ? | AF46: Pacific/Auckland | AG46: Caterpillar 12H 2003 | AH46: 45975.517 | AI46: 45975.531 | AL46: OK | AS46: 0 | AT46: 0 | AX46: VIN Error: CouldNotDecodeError;
A47: 3422 | B47: b191 | C47: Grader, Grader/Trade Staff, Machines, Trade Staff | D47: Company Group>Asset Information>Asset Type>Vehicle>Grader, Company Group>Grader/Trade Staff, Company Group>Machines, Company Group>Trade Staff | E47: Grader, Grader/Trade Staff, Machines, Trade Staff | F47: Philip | G47: Bryers | H47: philip.bryers@unitedcivil.co.nz | I47: Standard Hours | J47: GO Mode,Garmin,HOS,Iridium,UI | K47: Stopped | L47: FALSE | M47: Mangawhai,Mangawhai | N47: Mangawhai: 1620 Mangawhai Road, Mangawhai 0975, New Zealand | O47: Project | Q47: 194.3147 | R47: 385.90516 | S47: 45782.854 | T47: 54789.542 | U47: Version 9 | V47: 120 | W47: 37 | X47: 27 | Y47: G9PUXWWAS21S | Z47: EJG668 | AB47: FALSE | AC47: Off | AE47: @@@@@@@@@@@@@@@@@ | AF47: Pacific/Auckland | AG47: Komatsu GD655-3A 2008 | AH47: 45975.452 | AI47: 45975.563 | AL47: OK | AS47: 0 | AT47: 0 | AX47: VIN Error: CouldNotDecodeError;
A48: 445 | B48: bFC | C48: Light Diesel Vehicles, LDV/Trade Staff, Trade Staff | D48: Company Group>Asset Information>Asset Type>Vehicle>Light Diesel Vehicles, Company Group>LDV/Trade Staff, Company Group>Trade Staff | E48: LDV/Trade Staff, Light Diesel Vehicles, Trade Staff | I48: Standard Hours | J48: GO Mode,Garmin,HOS,Iridium,UI | K48: Stopped | L48: FALSE | M48: United Civil Head Office | N48: United Civil Head Office: 19B Rewa Rewa Road, Raumanga, Whangārei 0110, New Zealand | O48: Office Zone | Q48: 351607.66 | R48: 162.25437 | S48: 45723.435 | T48: 54789.542 | U48: Version 9 | V48: 120 | W48: 42 | X48: 57 | Y48: G90B211C4474 | Z48: FDT602 | AB48: FALSE | AC48: Off | AD48: JTFST22P500005126 | AE48: JTFST22P500005126 | AF48: Pacific/Auckland | AG48: Toyota Hiace 2009 | AH48: 45975.678 | AI48: 45975.845 | AL48: OK | AS48: 0 | AT48: 0 | AU48: Toyota | AV48: Hiace | AX48: VehicleType: MPV;MainVehicleType: Goods Carrier;SecondaryVehicleType: LCV;Manufacturer: Toyota;Company: Toyota Motor Corp;VIN Error: None;
A49: 448 | B49: bCE | C49: Light Diesel Vehicles, Diesel, LDV/Trade Staff, Trade Staff | D49: Company Group>Asset Information>Asset Type>Vehicle>Light Diesel Vehicles, Company Group>Asset Information>Powertrain and Fuel Type>Internal Combustion Engine>Diesel, Company Group>LDV/Trade Staff, Company Group>Trade Staff | E49: Diesel, LDV/Trade Staff, Light Diesel Vehicles, Trade Staff | F49: Daniel | G49: Van Houten | H49: daniel.vanhouten | I49: Standard Hours | J49: GO Mode,Garmin,HOS,Iridium,UI | K49: Stopped | L49: FALSE | M49: United Civil Head Office | N49: United Civil Head Office: 19B Rewa Rewa Road, Raumanga, Whangārei 0110, New Zealand | O49: Office Zone | Q49: 271311.47 | R49: 18.060658 | S49: 45711.901 | T49: 54789.542 | U49: Version 9 | V49: 120 | W49: 42 | X49: 57 | Y49: G9E7F2S8N1US | Z49: GUR891 | AB49: FALSE | AC49: Off | AD49: JTFST22P100016575 | AE49: JTFST22P100016575 | AF49: Pacific/Auckland | AG49: Toyota Hiace 2013 | AH49: 45975.747 | AI49: 45975.858 | AL49: OK | AS49: 0 | AT49: 0 | AU49: Toyota | AV49: Hiace | AX49: VehicleType: MPV;MainVehicleType: Goods Carrier;SecondaryVehicleType: LCV;Manufacturer: Toyota;Company: Toyota Motor Corp;VIN Error: None;
A50: 463 | B50: b12A | C50: Light Diesel Vehicles, LDV/Trade Staff, Trade Staff | D50: Company Group>Asset Information>Asset Type>Vehicle>Light Diesel Vehicles, Company Group>LDV/Trade Staff, Company Group>Trade Staff | E50: LDV/Trade Staff, Light Diesel Vehicles, Trade Staff | F50: Robert | G50: Burns | H50: robert.burns | I50: Standard Hours | J50: GO Mode,Garmin,HOS,Iridium,UI | K50: Stopped | L50: FALSE | M50: United Civil Head Office | N50: United Civil Head Office: 19B Rewa Rewa Road, Raumanga, Whangārei 0110, New Zealand | O50: Office Zone | Q50: 273285.25 | R50: 12.362105 | S50: 45734.599 | T50: 54789.542 | U50: Version 9 | V50: 120 | W50: 45 | X50: 22 | Y50: G9C0211BE21A | Z50: FQC642 | AB50: FALSE | AC50: Off | AD50: MNAUSFE90AW890258 | AE50: MNAUSFE90AW890258 | AF50: Pacific/Auckland | AG50: Ford Ranger 2010 4x2 XLT D/C W/S | AH50: 45975.715 | AI50: 45975.854 | AL50: OK | AS50: 0 | AT50: 0 | AU50: Ford | AV50: Ranger | AW50: 2010 | AX50: VehicleType: Truck - Pickup;MainVehicleType: Dual-Purpose Vehicle;SecondaryVehicleType: Light Duty Pickup;Manufacturer: Ford;Company: Auto Alliance (Thailand) Co Ltd;Country: USA;Plant: Wayne: Wayne, Michigan;VIN Error: None;
A51: 465 | B51: b101 | C51: Light Diesel Vehicles, Diesel, LDV/Trade Staff, Trade Staff | D51: Company Group>Asset Information>Asset Type>Vehicle>Light Diesel Vehicles, Company Group>Asset Information>Powertrain and Fuel Type>Internal Combustion Engine>Diesel, Company Group>LDV/Trade Staff, Company Group>Trade Staff | E51: Diesel, LDV/Trade Staff, Light Diesel Vehicles, Trade Staff | F51: Leroy | G51: Anderson | H51: leroy.anderson | I51: Standard Hours | J51: GO Mode,Garmin,HOS,Iridium,UI | K51: Stopped | L51: FALSE | M51: United Civil Head Office | N51: United Civil Head Office: 19B Rewa Rewa Road, Raumanga, Whangārei 0110, New Zealand | O51: Office Zone | Q51: 291364 | R51: 17.572656 | S51: 45724.66 | T51: 54789.542 | U51: Version 9 | V51: 120 | W51: 45 | X51: 22 | Y51: G9B3211A6EE4 | Z51: JBB745 | AB51: FALSE | AC51: Off | AD51: MNAUMFF50FW426955 | AE51: MNAUMFF50FW426955 | AF51: Pacific/Auckland | AG51: Ford Ranger (2015) | AH51: 45975.731 | AI51: 45975.858 | AL51: OK | AS51: 0 | AT51: 0 | AU51: Ford | AV51: Ranger | AW51: 2015 | AX51: VehicleType: Truck - Pickup;MainVehicleType: Dual-Purpose Vehicle;SecondaryVehicleType: Light Duty Pickup;Manufacturer: Ford;Company: Auto Alliance (Thailand) Co Ltd;VIN Error: None;
A52: 470 | B52: b17C | C52: Light Diesel Vehicles, LDV/Trade Staff, Trade Staff | D52: Company Group>Asset Information>Asset Type>Vehicle>Light Diesel Vehicles, Company Group>LDV/Trade Staff, Company Group>Trade Staff | E52: LDV/Trade Staff, Light Diesel Vehicles, Trade Staff | I52: Standard Hours | J52: GO Mode,Garmin,HOS,Iridium,UI | K52: Stopped | L52: FALSE | N52: 118 Western Hills Drive, Kensington, Whangārei 0112, New Zealand | Q52: 320214.78 | R52: 8.4918268 | S52: 45782.945 | T52: 54789.542 | U52: Version 9 | V52: 120 | W52: 45 | X52: 20 | Y52: G9YNXYF3TYU3 | Z52: FUB380 | AB52: FALSE | AC52: Off | AD52: MNAUSFE90AW918854 | AE52: MNAUSFE90AW918854 | AF52: Pacific/Auckland | AG52: Ford Ranger 2011 4x2 XLT D/C W/S | AH52: 45975.738 | AI52: 45975.844 | AL52: OK | AS52: 0 | AT52: 0 | AU52: Ford | AV52: Ranger | AW52: 2010 | AX52: VehicleType: Truck - Pickup;MainVehicleType: Dual-Purpose Vehicle;SecondaryVehicleType: Light Duty Pickup;Manufacturer: Ford;Company: Auto Alliance (Thailand) Co Ltd;Country: USA;Plant: Wayne: Wayne, Michigan;VIN Error: None;
A53: 471 | B53: b113 | C53: Light Diesel Vehicles, LDV/PE, PE | D53: Company Group>Asset Information>Asset Type>Vehicle>Light Diesel Vehicles, Company Group>LDV/PE, Company Group>PE | E53: LDV/PE, Light Diesel Vehicles, PE | F53: John | G53: Munnelly | H53: john.munnelly@unitedcivil.co.nz | I53: Standard Hours | J53: GO Mode,Garmin,HOS,Iridium,UI | K53: Stopped | L53: FALSE | N53: 104 Ocean Road, Whangamatā 3620, New Zealand | Q53: 324297.03 | R53: 20.315803 | S53: 45724.488 | T53: 54789.542 | U53: Version 9 | V53: 120 | W53: 42 | X53: 59 | Y53: G92E211C5146 | Z53: FRM776 | AB53: FALSE | AC53: Off | AD53: MNAUSFE90AW889714 | AE53: MNAUSFE90AW889714 | AF53: Pacific/Auckland | AG53: Ford Ranger (2010) | AH53: 45975.839 | AI53: 45975.861 | AL53: OK | AS53: 0 | AT53: 0 | AU53: Ford | AV53: Ranger | AW53: 2010 | AX53: VehicleType: Truck - Pickup;MainVehicleType: Dual-Purpose Vehicle;SecondaryVehicleType: Light Duty Pickup;Manufacturer: Ford;Company: Auto Alliance (Thailand) Co Ltd;Country: USA;Plant: Wayne: Wayne, Michigan;VIN Error: None;
A54: 476 | B54: b10D | C54: Light Diesel Vehicles, LDV/Trade Staff, Trade Staff | D54: Company Group>Asset Information>Asset Type>Vehicle>Light Diesel Vehicles, Company Group>LDV/Trade Staff, Company Group>Trade Staff | E54: LDV/Trade Staff, Light Diesel Vehicles, Trade Staff | I54: Standard Hours | J54: GO Mode,Garmin,HOS,Iridium,UI | K54: Stopped | L54: FALSE | M54: United Civil Head Office | N54: United Civil Head Office: 19B Rewa Rewa Road, Raumanga, Whangārei 0110, New Zealand | O54: Office Zone | Q54: 390382.41 | R54: 14.613049 | S54: 45724.482 | T54: 54789.542 | U54: Version 9 | V54: 120 | W54: 42 | X54: 57 | Y54: G971211C5119 | Z54: GBN844 | AB54: FALSE | AC54: Off | AE54: ????????????????? | AF54: Pacific/Auckland | AG54: Toyota Hilux 2011 4x2 D/C W/S | AH54: 45973.578 | AI54: 45975.854 | AL54: OK | AS54: 0 | AT54: 0 | AX54: VIN Error: CouldNotDecodeError;
A55: 486 | B55: b17D | C55: Light Diesel Vehicles, Diesel, LDV/Trade Staff, Trade Staff | D55: Company Group>Asset Information>Asset Type>Vehicle>Light Diesel Vehicles, Company Group>Asset Information>Powertrain and Fuel Type>Internal Combustion Engine>Diesel, Company Group>LDV/Trade Staff, Company Group>Trade Staff | E55: Diesel, LDV/Trade Staff, Light Diesel Vehicles, Trade Staff | F55: Anthony | G55: Edwards | H55: anthony.edwards | I55: Standard Hours | J55: GO Mode,Garmin,HOS,Iridium,UI | K55: Stopped | L55: FALSE | N55: 14A Black Wattle Lane, Raumanga, Whangārei 0110, New Zealand | Q55: 283860 | R55: 184.65833 | S55: 45782.945 | T55: 54789.542 | U55: Version 9 | V55: 120 | W55: 45 | X55: 22 | Y55: G937NNNRPH73 | Z55: LER932 | AB55: FALSE | AC55: Off | AD55: MPBUMFF50HX139869 | AE55: MPBUMFF50HX139869 | AF55: Pacific/Auckland | AG55: Ford Ranger 2018 4x2 XLT D/C W/S | AH55: 45975.77 | AI55: 45975.855 | AL55: OK | AS55: 0 | AT55: 0 | AU55: Ford | AV55: Ranger | AW55: 2017 | AX55: VehicleType: Truck - Pickup;MainVehicleType: Dual-Purpose Vehicle;SecondaryVehicleType: Light Duty Pickup;Manufacturer: Ford;Company: Ford Motor Company (Thailand) Limited;VIN Error: None;
A56: 487 | B56: b108 | C56: Light Diesel Vehicles, Diesel, LDV/Trade Staff, Trade Staff | D56: Company Group>Asset Information>Asset Type>Vehicle>Light Diesel Vehicles, Company Group>Asset Information>Powertrain and Fuel Type>Internal Combustion Engine>Diesel, Company Group>LDV/Trade Staff, Company Group>Trade Staff | E56: Diesel, LDV/Trade Staff, Light Diesel Vehicles, Trade Staff | I56: Standard Hours | J56: GO Mode,Garmin,HOS,Iridium,UI | K56: Stopped | L56: FALSE | N56: 55 Ngahuhu Road, Pakaraka 0472, New Zealand | Q56: 203129.36 | R56: 182.03057 | S56: 45724.473 | T56: 54789.542 | U56: Version 9 | V56: 120 | W56: 45 | X56: 22 | Y56: G906211C4479 | Z56: LER933 | AB56: FALSE | AC56: Off | AD56: MPBUMFF50HX142760 | AE56: MPBUMFF50HX142760 | AF56: Pacific/Auckland | AG56: Ford Ranger (2017) | AH56: 45975.695 | AI56: 45975.843 | AL56: OK | AS56: 0 | AT56: 0 | AU56: Ford | AV56: Ranger | AW56: 2017 | AX56: VehicleType: Truck - Pickup;MainVehicleType: Dual-Purpose Vehicle;SecondaryVehicleType: Light Duty Pickup;Manufacturer: Ford;Company: Ford Motor Company (Thailand) Limited;VIN Error: None;
A57: 488 | B57: bCC | C57: Light Diesel Vehicles, Diesel, LDV/Trade Staff, Trade Staff | D57: Company Group>Asset Information>Asset Type>Vehicle>Light Diesel Vehicles, Company Group>Asset Information>Powertrain and Fuel Type>Internal Combustion Engine>Diesel, Company Group>LDV/Trade Staff, Company Group>Trade Staff | E57: Diesel, LDV/Trade Staff, Light Diesel Vehicles, Trade Staff | I57: Standard Hours | J57: GO Mode,Garmin,HOS,Iridium,UI | K57: Stopped | L57: FALSE | N57: 249 Kiripaka Road, Northland 0112, New Zealand | Q57: 200641 | R57: 172.21667 | S57: 45711.9 | T57: 54789.542 | U57: Version 9 | V57: 120 | W57: 42 | X57: 59 | Y57: G9Z59VY94T2B | Z57: LER937 | AB57: FALSE | AC57: Off | AD57: MPBUMFF50HX139870 | AE57: MPBUMFF50HX139870 | AF57: Pacific/Auckland | AG57: Ford Ranger 2018 4x2 XLT D/C W/S | AH57: 45975.717 | AI57: 45975.843 | AL57: OK | AS57: 0 | AT57: 0 | AU57: Ford | AV57: Ranger | AW57: 2017 | AX57: VehicleType: Truck - Pickup;MainVehicleType: Dual-Purpose Vehicle;SecondaryVehicleType: Light Duty Pickup;Manufacturer: Ford;Company: Ford Motor Company (Thailand) Limited;VIN Error: None;
A58: 489 | B58: b17E | C58: Light Diesel Vehicles, Diesel, LDV/Trade Staff, Trade Staff | D58: Company Group>Asset Information>Asset Type>Vehicle>Light Diesel Vehicles, Company Group>Asset Information>Powertrain and Fuel Type>Internal Combustion Engine>Diesel, Company Group>LDV/Trade Staff, Company Group>Trade Staff | E58: Diesel, LDV/Trade Staff, Light Diesel Vehicles, Trade Staff | F58: Mike | G58: Walters | H58: mike.walters | I58: Standard Hours | J58: GO Mode,Garmin,HOS,Iridium,UI | K58: Stopped | L58: FALSE | N58: 29C Rifle Range Road, Taupō 3330, New Zealand | Q58: 245581 | R58: 182.00417 | S58: 45782.946 | T58: 54789.542 | U58: Version 9 | V58: 120 | W58: 45 | X58: 22 | Y58: G9PAT79T3CRK | Z58: LER940 | AB58: FALSE | AC58: Off | AD58: MPBUMFF50HX135602 | AE58: MPBUMFF50HX135602 | AF58: Pacific/Auckland | AG58: Ford Ranger 2018 4x4 XLT D/C W/S | AH58: 45975.847 | AI58: 45975.848 | AL58: OK | AS58: 0 | AT58: 0 | AU58: Ford | AV58: Ranger | AW58: 2017 | AX58: VehicleType: Truck - Pickup;MainVehicleType: Dual-Purpose Vehicle;SecondaryVehicleType: Light Duty Pickup;Manufacturer: Ford;Company: Ford Motor Company (Thailand) Limited;VIN Error: None;
A59: 490 | B59: bC9 | C59: Light Diesel Vehicles, Diesel, LDV/Other Management, Other Management | D59: Company Group>Asset Information>Asset Type>Vehicle>Light Diesel Vehicles, Company Group>Asset Information>Powertrain and Fuel Type>Internal Combustion Engine>Diesel, Company Group>LDV/Other Management, Company Group>Other Management | E59: Diesel, LDV/Other Management, Light Diesel Vehicles, Other Management | F59: Harris | G59: Crowe | H59: harris.crowe@unitedcivil.co.nz | I59: Standard Hours | J59: GO Mode,Garmin,HOS,Iridium,UI | K59: Stopped | L59: FALSE | N59: 71 Whangaumu Street, Tutukaka 0140, New Zealand | Q59: 234892 | R59: 183.25417 | S59: 45711.897 | T59: 54789.542 | U59: Version 9 | V59: 120 | W59: 45 | X59: 22 | Y59: G9D6211A6C83 | Z59: LER936 | AB59: FALSE | AC59: Off | AD59: MPBUMFF50JX151016 | AE59: MPBUMFF50JX151016 | AF59: Pacific/Auckland | AG59: Ford Ranger 2018 4x4 XLT D/C W/S | AH59: 45975.77 | AI59: 45975.855 | AL59: OK | AS59: 0 | AT59: 0 | AU59: Ford | AV59: Ranger | AW59: 2018 | AX59: VehicleType: Truck - Pickup;MainVehicleType: Dual-Purpose Vehicle;SecondaryVehicleType: Light Duty Pickup;Manufacturer: Ford;Company: Ford Motor Company (Thailand) Limited;VIN Error: None;
A60: 491 | B60: b105 | C60: Light Diesel Vehicles, LDV/Trade Staff, Trade Staff | D60: Company Group>Asset Information>Asset Type>Vehicle>Light Diesel Vehicles, Company Group>LDV/Trade Staff, Company Group>Trade Staff | E60: LDV/Trade Staff, Light Diesel Vehicles, Trade Staff | F60: Jake | G60: Moretti | H60: jake.moretti | I60: Standard Hours | J60: GO Mode,Garmin,HOS,Iridium,UI | K60: Stopped | L60: FALSE | N60: 3 Isola Street, Raumanga, Whangārei 0110, New Zealand | Q60: 232234.22 | R60: 19.115578 | S60: 45724.469 | T60: 54789.542 | U60: Version 9 | V60: 120 | W60: 42 | X60: 57 | Y60: G9AF211BE372 | Z60: LGJ618 | AB60: FALSE | AC60: Off | AE60: @@@@@@@@@@@@@@@@@ | AF60: Pacific/Auckland | AG60: Ford Ranger 2018 4x4 XLT D/C W/S | AH60: 45975.759 | AI60: 45975.846 | AL60: OK | AS60: 0 | AT60: 0 | AX60: VIN Error: CouldNotDecodeError;
A61: 492 | B61: b11E | C61: Light Diesel Vehicles, Diesel, LDV/Trade Staff, Trade Staff | D61: Company Group>Asset Information>Asset Type>Vehicle>Light Diesel Vehicles, Company Group>Asset Information>Powertrain and Fuel Type>Internal Combustion Engine>Diesel, Company Group>LDV/Trade Staff, Company Group>Trade Staff | E61: Diesel, LDV/Trade Staff, Light Diesel Vehicles, Trade Staff | I61: Standard Hours | J61: GO Mode,Garmin,HOS,Iridium,UI | K61: Stopped | L61: FALSE | N61: 318 Cemetery Road, Maunu, Whangārei 0179, New Zealand | Q61: 214811 | R61: 177.38333 | S61: 45730.517 | T61: 54789.542 | U61: Version 9 | V61: 120 | W61: 45 | X61: 20 | Y61: G914211C446B | Z61: LKZ964 | AB61: FALSE | AC61: Off | AD61: MPBUMFF50JX153102 | AE61: MPBUMFF50JX153102 | AF61: Pacific/Auckland | AG61: Ford Ranger (2018) | AH61: 45975.755 | AI61: 45975.86 | AL61: OK | AS61: 0 | AT61: 0 | AU61: Ford | AV61: Ranger | AW61: 2018 | AX61: VehicleType: Truck - Pickup;MainVehicleType: Dual-Purpose Vehicle;SecondaryVehicleType: Light Duty Pickup;Manufacturer: Ford;Company: Ford Motor Company (Thailand) Limited;VIN Error: None;
A62: 493 | B62: bD9 | C62: Light Diesel Vehicles, Diesel, LDV/Trade Staff, Trade Staff | D62: Company Group>Asset Information>Asset Type>Vehicle>Light Diesel Vehicles, Company Group>Asset Information>Powertrain and Fuel Type>Internal Combustion Engine>Diesel, Company Group>LDV/Trade Staff, Company Group>Trade Staff | E62: Diesel, LDV/Trade Staff, Light Diesel Vehicles, Trade Staff | I62: Standard Hours | J62: GO Mode,Garmin,HOS,Iridium,UI | K62: Stopped | L62: FALSE | N62: 19 Dakota Place, Raumanga, Whangārei 0110, New Zealand | Q62: 241564 | R62: 200.00833 | S62: 45711.909 | T62: 54789.542 | U62: Version 9 | V62: 120 | W62: 42 | X62: 57 | Y62: G9UT9MD7X25N | Z62: LJJ940 | AB62: FALSE | AC62: Off | AD62: MPBUMFF50JX155996 | AE62: MPBUMFF50JX155996 | AF62: Pacific/Auckland | AG62: Ford Ranger 2018 4x2 XLT D/C W/S | AH62: 45975.722 | AI62: 45975.849 | AL62: OK | AS62: 0 | AT62: 0 | AU62: Ford | AV62: Ranger | AW62: 2018 | AX62: VehicleType: Truck - Pickup;MainVehicleType: Dual-Purpose Vehicle;SecondaryVehicleType: Light Duty Pickup;Manufacturer: Ford;Company: Ford Motor Company (Thailand) Limited;VIN Error: None;
A63: 494 | B63: b102 | C63: Light Diesel Vehicles, Diesel, LDV/Trade Staff, Trade Staff | D63: Company Group>Asset Information>Asset Type>Vehicle>Light Diesel Vehicles, Company Group>Asset Information>Powertrain and Fuel Type>Internal Combustion Engine>Diesel, Company Group>LDV/Trade Staff, Company Group>Trade Staff | E63: Diesel, LDV/Trade Staff, Light Diesel Vehicles, Trade Staff | F63: James | G63: Gardiner | H63: james.gardiner | I63: Standard Hours | J63: GO Mode,Garmin,HOS,Iridium,UI | K63: Stopped | L63: FALSE | M63: United Civil Head Office | N63: United Civil Head Office: 19B Rewa Rewa Road, Raumanga, Whangārei 0110, New Zealand | O63: Office Zone | Q63: 342511 | R63: 19.380894 | S63: 45807.115 | T63: 54789.542 | U63: Version 9 | V63: 120 | W63: 45 | X63: 21 | Y63: G9NW0SB5JJT4 | Z63: GSN851 | AB63: FALSE | AC63: Off | AD63: MNAUMFF50DW166402 | AE63: MNAUMFF50DW166402 | AF63: Pacific/Auckland | AG63: Ford Ranger (2013) | AH63: 45959.649 | AI63: 45960.341 | AL63: Device is not downloading data | AS63: 0 | AT63: 0 | AU63: Ford | AV63: Ranger | AW63: 2013 | AX63: VehicleType: Truck - Pickup;MainVehicleType: Dual-Purpose Vehicle;SecondaryVehicleType: Light Duty Pickup;Manufacturer: Ford;Company: Auto Alliance (Thailand) Co Ltd;VIN Error: None;
A64: 495 | B64: bD1 | C64: Light Diesel Vehicles, Diesel, LDV/Trade Staff, Trade Staff | D64: Company Group>Asset Information>Asset Type>Vehicle>Light Diesel Vehicles, Company Group>Asset Information>Powertrain and Fuel Type>Internal Combustion Engine>Diesel, Company Group>LDV/Trade Staff, Company Group>Trade Staff | E64: Diesel, LDV/Trade Staff, Light Diesel Vehicles, Trade Staff | F64: Ronel | G64: Lineses | H64: ronel.lineses | I64: Standard Hours | J64: GO Mode,Garmin,HOS,Iridium,UI | K64: Stopped | L64: FALSE | N64: 241 Jobe Road, Maungakaramea 0178, New Zealand | Q64: 260095 | R64: 20.891241 | S64: 45721.965 | T64: 54789.542 | U64: Version 9 | V64: 120 | W64: 42 | X64: 57 | Y64: G9HM80J63H4D | Z64: GTH864 | AB64: FALSE | AC64: Off | AD64: MM0UP0YF100136059 | AE64: MM0UP0YF100136059 | AF64: Pacific/Auckland | AG64: Mazda BT-50 2013 4x2 GSX D/C W/S | AH64: 45975.731 | AI64: 45975.858 | AL64: OK | AS64: 0 | AT64: 0 | AU64: Mazda | AV64: BT-50 | AX64: VehicleType: Truck - Pickup;Manufacturer: Mazda;Company: Auto Alliance (Thailand) Co Ltd;VIN Error: None;
A65: 496 | B65: bD6 | C65: Light Diesel Vehicles, Diesel, LDV/Trade Staff, Trade Staff | D65: Company Group>Asset Information>Asset Type>Vehicle>Light Diesel Vehicles, Company Group>Asset Information>Powertrain and Fuel Type>Internal Combustion Engine>Diesel, Company Group>LDV/Trade Staff, Company Group>Trade Staff | E65: Diesel, LDV/Trade Staff, Light Diesel Vehicles, Trade Staff | F65: Jamie | G65: Wyeth | H65: jamie.wyeth | I65: Standard Hours | J65: GO Mode,Garmin,HOS,Iridium,UI | K65: Stopped | L65: FALSE | M65: United Civil Head Office | N65: United Civil Head Office: 19B Rewa Rewa Road, Raumanga, Whangārei 0110, New Zealand | O65: Office Zone | Q65: 307523.03 | R65: 11.145336 | S65: 45711.907 | T65: 54789.542 | U65: Version 9 | V65: 120 | W65: 45 | X65: 22 | Y65: G9WVND1NZR5U | Z65: JYY52 | AB65: FALSE | AC65: Off | AD65: MNAUM2F50FW416363 | AE65: MNAUM2F50FW416363 | AF65: Pacific/Auckland | AG65: Ford Ranger 2015 4x4 Cabplus F/D | AH65: 45975.679 | AI65: 45975.679 | AL65: OK | AS65: 859000 | AT65: 0 | AU65: Ford | AV65: Ranger | AW65: 2015 | AX65: VehicleType: Truck - Pickup;MainVehicleType: Dual-Purpose Vehicle;SecondaryVehicleType: Light Duty Pickup;Manufacturer: Ford;Company: Auto Alliance (Thailand) Co Ltd;VIN Error: None;
A66: 499 | B66: b187 | C66: Light Diesel Vehicles, Diesel, LDV/Trade Staff, Trade Staff | D66: Company Group>Asset Information>Asset Type>Vehicle>Light Diesel Vehicles, Company Group>Asset Information>Powertrain and Fuel Type>Internal Combustion Engine>Diesel, Company Group>LDV/Trade Staff, Company Group>Trade Staff | E66: Diesel, LDV/Trade Staff, Light Diesel Vehicles, Trade Staff | F66: Mark | G66: Guelas | H66: mark.guelas | I66: Standard Hours | J66: GO Mode,Garmin,HOS,Iridium,UI | K66: Stopped | L66: FALSE | M66: United Civil Head Office | N66: United Civil Head Office: 19B Rewa Rewa Road, Raumanga, Whangārei 0110, New Zealand | O66: Office Zone | Q66: 216087 | R66: 176.60185 | S66: 45782.946 | T66: 54789.542 | U66: Version 9 | V66: 120 | W66: 45 | X66: 22 | Y66: G9ZR500T12RW | Z66: LNW704 | AB66: FALSE | AC66: Off | AD66: MPBUMFF50JX172412 | AE66: MPBUMFF50JX172412 | AF66: Pacific/Auckland | AG66: Ford Ranger 2018 4x4 D/C W/S | AH66: 45975.51 | AI66: 45975.844 | AL66: OK | AS66: 0 | AT66: 0 | AU66: Ford | AV66: Ranger | AW66: 2018 | AX66: VehicleType: Truck - Pickup;MainVehicleType: Dual-Purpose Vehicle;SecondaryVehicleType: Light Duty Pickup;Manufacturer: Ford;Company: Ford Motor Company (Thailand) Limited;VIN Error: None;
A67: 500 | B67: b104 | C67: Light Diesel Vehicles, Diesel, LDV/Trade Staff, Trade Staff | D67: Company Group>Asset Information>Asset Type>Vehicle>Light Diesel Vehicles, Company Group>Asset Information>Powertrain and Fuel Type>Internal Combustion Engine>Diesel, Company Group>LDV/Trade Staff, Company Group>Trade Staff | E67: Diesel, LDV/Trade Staff, Light Diesel Vehicles, Trade Staff | I67: Standard Hours | J67: GO Mode,Garmin,HOS,Iridium,UI | K67: Stopped | L67: FALSE | M67: Gillingham Road | N67: Gillingham Road: 62A Gillingham Road, Te Kamo, Whangārei 0112, New Zealand | O67: Project | Q67: 313710 | R67: 7.7172958 | S67: 45724.467 | T67: 54789.542 | U67: Version 9 | V67: 120 | W67: 42 | X67: 57 | Y67: G96E211C5005 | Z67: GNA826 | AB67: FALSE | AC67: Off | AD67: MM0UP0YF100131547 | AE67: MM0UP0YF100131547 | AF67: Pacific/Auckland | AG67: Mazda BT-50 2012 4x2 GLX Cabplus W/S | AH67: 45975.646 | AI67: 45975.856 | AL67: OK | AS67: 0 | AT67: 0 | AU67: Mazda | AV67: BT-50 | AX67: VehicleType: Truck - Pickup;Manufacturer: Mazda;Company: Auto Alliance (Thailand) Co Ltd;VIN Error: None;
A68: 501 | B68: b110 | C68: Light Diesel Vehicles, Diesel, LDV/Trade Staff, Trade Staff | D68: Company Group>Asset Information>Asset Type>Vehicle>Light Diesel Vehicles, Company Group>Asset Information>Powertrain and Fuel Type>Internal Combustion Engine>Diesel, Company Group>LDV/Trade Staff, Company Group>Trade Staff | E68: Diesel, LDV/Trade Staff, Light Diesel Vehicles, Trade Staff | I68: Standard Hours | J68: GO Mode,Garmin,HOS,Iridium,UI | K68: Stopped | L68: FALSE | N68: 2915 State Highway 12, Waimā 0473, New Zealand | Q68: 191253 | R68: 16.185797 | S68: 45724.486 | T68: 54789.542 | U68: Version 9 | V68: 120 | W68: 42 | X68: 57 | Y68: G9FR3C2VRKST | Z68: GPR852 | AB68: FALSE | AC68: Off | AD68: MM0UP0YF100125065 | AE68: MM0UP0YF100125065 | AF68: Pacific/Auckland | AG68: Mazda BT-50 2012 4x2 GLX D/C W/S | AH68: 45975.629 | AI68: 45975.86 | AL68: OK | AS68: 0 | AT68: 0 | AU68: Mazda | AV68: BT-50 | AX68: VehicleType: Truck - Pickup;Manufacturer: Mazda;Company: Auto Alliance (Thailand) Co Ltd;VIN Error: None;
A69: 502 | B69: b129 | C69: Light Diesel Vehicles, Diesel, LDV/Supervisor, Supervisor | D69: Company Group>Asset Information>Asset Type>Vehicle>Light Diesel Vehicles, Company Group>Asset Information>Powertrain and Fuel Type>Internal Combustion Engine>Diesel, Company Group>LDV/Supervisor, Company Group>Supervisor | E69: Diesel, LDV/Supervisor, Light Diesel Vehicles, Supervisor | I69: Standard Hours | J69: GO Mode,Garmin,HOS,Iridium,UI | K69: Stopped | L69: FALSE | N69: 83 Hatea Drive, Regent, Whangārei 0112, New Zealand | Q69: 222856 | R69: 190.89583 | S69: 45734.562 | T69: 54789.542 | U69: Version 9 | V69: 120 | W69: 45 | X69: 24 | Y69: G96RNKEN5TRF | Z69: MBF560 | AB69: FALSE | AC69: Off | AD69: MPBUMFF50JX204764 | AE69: MPBUMFF50JX204764 | AF69: Pacific/Auckland | AG69: Ford Ranger 2019 4x2 XLT D/C W/S | AH69: 45975.765 | AI69: 45975.85 | AL69: OK | AS69: 0 | AT69: 0 | AU69: Ford | AV69: Ranger | AW69: 2018 | AX69: VehicleType: Truck - Pickup;MainVehicleType: Dual-Purpose Vehicle;SecondaryVehicleType: Light Duty Pickup;Manufacturer: Ford;Company: Ford Motor Company (Thailand) Limited;VIN Error: None;
A70: 503 | B70: b180 | C70: Light Diesel Vehicles, Diesel, LDV/Trade Staff, Trade Staff | D70: Company Group>Asset Information>Asset Type>Vehicle>Light Diesel Vehicles, Company Group>Asset Information>Powertrain and Fuel Type>Internal Combustion Engine>Diesel, Company Group>LDV/Trade Staff, Company Group>Trade Staff | E70: Diesel, LDV/Trade Staff, Light Diesel Vehicles, Trade Staff | F70: Jaco | G70: Van Dijk | H70: jaco.vandijk | I70: Standard Hours | J70: GO Mode,Garmin,HOS,Iridium,UI | K70: Stopped | L70: FALSE | N70: 107 Beverley Terrace, Whangamatā 3620, New Zealand | Q70: 226992 | R70: 7.2601069 | S70: 45782.947 | T70: 54789.542 | U70: Version 9 | V70: 120 | W70: 45 | X70: 22 | Y70: G9MEUJNUNVNF | Z70: HHS395 | AB70: FALSE | AC70: Off | AD70: MNAUMFF50EW250916 | AE70: MNAUMFF50EW250916 | AF70: Pacific/Auckland | AG70: Ford Ranger 2014 4x2 XL D/C W/S | AH70: 45975.817 | AI70: 45975.86 | AL70: OK | AS70: 0 | AT70: 0 | AU70: Ford | AV70: Ranger | AW70: 2014 | AX70: VehicleType: Truck - Pickup;MainVehicleType: Dual-Purpose Vehicle;SecondaryVehicleType: Light Duty Pickup;Manufacturer: Ford;Company: Auto Alliance (Thailand) Co Ltd;VIN Error: None;
A71: 505 | B71: b10F | C71: Light Diesel Vehicles, LDV/Trade Staff, Trade Staff | D71: Company Group>Asset Information>Asset Type>Vehicle>Light Diesel Vehicles, Company Group>LDV/Trade Staff, Company Group>Trade Staff | E71: LDV/Trade Staff, Light Diesel Vehicles, Trade Staff | I71: Standard Hours | J71: GO Mode,Garmin,HOS,Iridium,UI | K71: Stopped | L71: FALSE | N71: 1 Wessex Street, Tikipunga, Whangārei 0112, New Zealand | Q71: 227499.02 | R71: 20.251642 | S71: 45724.486 | T71: 54789.542 | U71: Version 9 | V71: 120 | W71: 42 | X71: 57 | Y71: G9B5211A6EE2 | Z71: HQL909 | AB71: FALSE | AC71: Off | AE71: ????????????????? | AF71: Pacific/Auckland | AG71: Toyota Hilux 2014 4x2 D/C W/S | AH71: 45975.716 | AI71: 45975.842 | AL71: OK | AS71: 0 | AT71: 0 | AX71: VIN Error: CouldNotDecodeError;
A72: 508 | B72: b122 | C72: Light Diesel Vehicles, Diesel, LDV/Trade Staff, Trade Staff | D72: Company Group>Asset Information>Asset Type>Vehicle>Light Diesel Vehicles, Company Group>Asset Information>Powertrain and Fuel Type>Internal Combustion Engine>Diesel, Company Group>LDV/Trade Staff, Company Group>Trade Staff | E72: Diesel, LDV/Trade Staff, Light Diesel Vehicles, Trade Staff | F72: Mahesh | G72: Prasad | H72: mahesh.prasad | I72: Standard Hours | J72: GO Mode,Garmin,HOS,Iridium,UI | K72: Stopped | L72: FALSE | N72: 3 Provisional Drive, Te Kamo, Whangārei 0112, New Zealand | Q72: 307822.78 | R72: 207.61721 | S72: 45807.563 | T72: 54789.542 | U72: Version 9 | V72: 120 | W72: 45 | X72: 22 | Y72: G9BYHXDZYTJS | Z72: JSC564 | AB72: FALSE | AC72: Off | AD72: MNAUMFF50GW545039 | AE72: MNAUMFF50GW545039 | AF72: Pacific/Auckland | AG72: Ford Ranger 2016 4x2 XL D/C W/S | AH72: 45975.752 | AI72: 45975.86 | AL72: OK | AS72: -133000 | AT72: 0 | AU72: Ford | AV72: Ranger | AW72: 2016 | AX72: VehicleType: Truck - Pickup;MainVehicleType: Dual-Purpose Vehicle;SecondaryVehicleType: Light Duty Pickup;Manufacturer: Ford;Company: Auto Alliance (Thailand) Co Ltd;VIN Error: None;
A73: 509 | B73: b17F | C73: Light Diesel Vehicles, Diesel, LDV/PM, PM | D73: Company Group>Asset Information>Asset Type>Vehicle>Light Diesel Vehicles, Company Group>Asset Information>Powertrain and Fuel Type>Internal Combustion Engine>Diesel, Company Group>LDV/PM, Company Group>PM | E73: Diesel, LDV/PM, Light Diesel Vehicles, PM | F73: Colin | G73: Newbold | H73: colin.newbold@unitedcivil.co.nz | I73: Standard Hours | J73: GO Mode,Garmin,HOS,Iridium,UI | K73: Stopped | L73: FALSE | N73: 3223 State Highway 2, Tutira 4181, New Zealand | Q73: 135374 | R73: 118.2625 | S73: 45782.948 | T73: 54789.542 | U73: Version 9 | V73: 120 | W73: 42 | X73: 57 | Y73: G9FU3TR603BC | Z73: MTZ279 | AB73: FALSE | AC73: Off | AD73: MPBUMFF50KX264312 | AE73: MPBUMFF50KX264312 | AF73: Pacific/Auckland | AG73: Ford Ranger 2020 4x2 XLT D/C W/S | AH73: 45975.803 | AI73: 45975.847 | AL73: OK | AS73: 0 | AT73: 0 | AU73: Ford | AV73: Ranger | AW73: 2019 | AX73: VehicleType: Truck - Pickup;MainVehicleType: Dual-Purpose Vehicle;SecondaryVehicleType: Light Duty Pickup;Manufacturer: Ford;Company: Ford Motor Company (Thailand) Limited;VIN Error: None;
A74: 510 | B74: b184 | C74: Light Diesel Vehicles, Diesel, LDV/PE, PE | D74: Company Group>Asset Information>Asset Type>Vehicle>Light Diesel Vehicles, Company Group>Asset Information>Powertrain and Fuel Type>Internal Combustion Engine>Diesel, Company Group>LDV/PE, Company Group>PE | E74: Diesel, LDV/PE, Light Diesel Vehicles, PE | F74: Thomas | G74: Blaza | H74: thomas.blaza@unitedcivil.co.nz | I74: Standard Hours | J74: GO Mode,Garmin,HOS,Iridium,UI | K74: Stopped | L74: FALSE | N74: 220 Marsden Point Road, Ruakākā 0116, New Zealand | Q74: 139270 | R74: 135.62917 | S74: 45782.948 | T74: 54789.542 | U74: Version 9 | V74: 120 | W74: 42 | X74: 57 | Y74: G9H2KS9R6AKS | Z74: MTZ278 | AB74: FALSE | AC74: Off | AD74: MPBUMFF50LX266963 | AE74: MPBUMFF50LX266963 | AF74: Pacific/Auckland | AG74: Ford Ranger 2020 4x2 XLT D/C W/S | AH74: 45975.712 | AI74: 45975.859 | AL74: OK | AS74: 0 | AT74: 0 | AU74: Ford | AV74: Ranger | AW74: 2020 | AX74: VehicleType: Truck - Pickup;MainVehicleType: Dual-Purpose Vehicle;SecondaryVehicleType: Light Duty Pickup;Manufacturer: Ford;Company: Ford Motor Company (Thailand) Limited;VIN Error: None;
A75: 511 | B75: b19E | C75: Light Diesel Vehicles, Diesel, LDV/Trade Staff, Trade Staff | D75: Company Group>Asset Information>Asset Type>Vehicle>Light Diesel Vehicles, Company Group>Asset Information>Powertrain and Fuel Type>Internal Combustion Engine>Diesel, Company Group>LDV/Trade Staff, Company Group>Trade Staff | E75: Diesel, LDV/Trade Staff, Light Diesel Vehicles, Trade Staff | F75: Damien | G75: Walters | H75: damien.walters | I75: Standard Hours | J75: GO Mode,Garmin,HOS,Iridium,UI | K75: Stopped | L75: FALSE | N75: 122 Raumanga Heights Drive, Raumanga, Whangārei 0110, New Zealand | Q75: 210375 | R75: 215.10833 | S75: 45782.948 | T75: 54789.542 | U75: Version 9 | V75: 120 | W75: 45 | X75: 22 | Y75: G93WYUWHSU8B | Z75: KCU68 | AB75: FALSE | AC75: Off | AD75: MNAUMFF50GW582771 | AE75: MNAUMFF50GW582771 | AF75: Pacific/Auckland | AG75: Ford Ranger 2016 4x2 XL D/C W/S | AH75: 45975.744 | AI75: 45975.849 | AL75: OK | AS75: 0 | AT75: 0 | AU75: Ford | AV75: Ranger | AW75: 2016 | AX75: VehicleType: Truck - Pickup;MainVehicleType: Dual-Purpose Vehicle;SecondaryVehicleType: Light Duty Pickup;Manufacturer: Ford;Company: Auto Alliance (Thailand) Co Ltd;VIN Error: None;
A76: 512 | B76: b186 | C76: Light Diesel Vehicles, Diesel, LDV/Trade Staff, Trade Staff | D76: Company Group>Asset Information>Asset Type>Vehicle>Light Diesel Vehicles, Company Group>Asset Information>Powertrain and Fuel Type>Internal Combustion Engine>Diesel, Company Group>LDV/Trade Staff, Company Group>Trade Staff | E76: Diesel, LDV/Trade Staff, Light Diesel Vehicles, Trade Staff | F76: William (Billy) | G76: Gibson | H76: william.gibson | I76: Standard Hours | J76: GO Mode,Garmin,HOS,Iridium,UI | K76: Stopped | L76: FALSE | N76: 183 Ngunguru Ford Road, Kiripaka 0173, New Zealand | Q76: 224995 | R76: 6.8945933 | S76: 45782.95 | T76: 54789.542 | U76: Version 9 | V76: 120 | W76: 45 | X76: 22 | Y76: G98ZZCXYU1H0 | Z76: HYN614 | AB76: FALSE | AC76: Off | AD76: MNAUMFF50EW308528 | AE76: MNAUMFF50EW308528 | AF76: Pacific/Auckland | AG76: Ford Ranger 2015 4x2 XL D/C W/S | AH76: 45975.753 | AI76: 45975.858 | AL76: OK | AS76: 0 | AT76: 0 | AU76: Ford | AV76: Ranger | AW76: 2014 | AX76: VehicleType: Truck - Pickup;MainVehicleType: Dual-Purpose Vehicle;SecondaryVehicleType: Light Duty Pickup;Manufacturer: Ford;Company: Auto Alliance (Thailand) Co Ltd;VIN Error: None;
A77: 513 | B77: b18C | C77: Light Diesel Vehicles, Diesel, LDV/PE, PE | D77: Company Group>Asset Information>Asset Type>Vehicle>Light Diesel Vehicles, Company Group>Asset Information>Powertrain and Fuel Type>Internal Combustion Engine>Diesel, Company Group>LDV/PE, Company Group>PE | E77: Diesel, LDV/PE, Light Diesel Vehicles, PE | F77: Cameron | G77: Hinge | H77: cameron.hinge@unitedcivil.co.nz | I77: Standard Hours | J77: GO Mode,Garmin,HOS,Iridium,UI | K77: Stopped | L77: FALSE | N77: 42 Great North Road, Te Kamo, Whangārei 0112, New Zealand | Q77: 169380 | R77: 143.37083 | S77: 45782.95 | T77: 54789.542 | U77: Version 9 | V77: 120 | W77: 42 | X77: 57 | Y77: G9TS3SP11T1D | Z77: MWR962 | AB77: FALSE | AC77: Off | AD77: MPBUMFF50LX272016 | AE77: MPBUMFF50LX272016 | AF77: Pacific/Auckland | AG77: Ford Ranger 2020 4x2 XLT D/C W/S | AH77: 45975.657 | AI77: 45975.846 | AL77: OK | AS77: 0 | AT77: 0 | AU77: Ford | AV77: Ranger | AW77: 2020 | AX77: VehicleType: Truck - Pickup;MainVehicleType: Dual-Purpose Vehicle;SecondaryVehicleType: Light Duty Pickup;Manufacturer: Ford;Company: Ford Motor Company (Thailand) Limited;VIN Error: None;
A78: 514 | B78: bD8 | C78: Light Diesel Vehicles, Diesel, LDV/Trade Staff, Trade Staff | D78: Company Group>Asset Information>Asset Type>Vehicle>Light Diesel Vehicles, Company Group>Asset Information>Powertrain and Fuel Type>Internal Combustion Engine>Diesel, Company Group>LDV/Trade Staff, Company Group>Trade Staff | E78: Diesel, LDV/Trade Staff, Light Diesel Vehicles, Trade Staff | F78: Luke | G78: Ryder | H78: luke.ryder | I78: Standard Hours | J78: GO Mode,Garmin,HOS,Iridium,UI | K78: Stopped | L78: FALSE | N78: 629C Owhiwa Road, Parua Bay 0192, New Zealand | Q78: 151222 | R78: 11.177893 | S78: 45711.908 | T78: 54789.542 | U78: Version 9 | V78: 120 | W78: 42 | X78: 57 | Y78: G97VUAAMVVMW | Z78: LFW259 | AB78: FALSE | AC78: Off | AD78: MM0UR0YG100819478 | AE78: MM0UR0YG100819478 | AF78: Pacific/Auckland | AG78: Mazda BT-50 2018 4x2 GLX Cabplus F/D | AH78: 45975.641 | AI78: 45975.851 | AL78: OK | AS78: 0 | AT78: 0 | AU78: Mazda | AV78: BT-50 | AX78: VehicleType: Truck - Pickup;Manufacturer: Mazda;Company: Auto Alliance (Thailand) Co Ltd;VIN Error: None;
A79: 515 | B79: b195 | C79: Light Diesel Vehicles, Diesel, LDV/Supervisor, Supervisor | D79: Company Group>Asset Information>Asset Type>Vehicle>Light Diesel Vehicles, Company Group>Asset Information>Powertrain and Fuel Type>Internal Combustion Engine>Diesel, Company Group>LDV/Supervisor, Company Group>Supervisor | E79: Diesel, LDV/Supervisor, Light Diesel Vehicles, Supervisor | F79: Daniel | G79: Hemara | H79: daniel.hemara@unitedcivil.co.nz | I79: Standard Hours | J79: GO Mode,Garmin,HOS,Iridium,UI | K79: Stopped | L79: FALSE | N79: 27 Kaitara Lane, Kaiwaka 0573, New Zealand | Q79: 143570 | R79: 115.58333 | S79: 45782.951 | T79: 54789.542 | U79: Version 9 | V79: 120 | W79: 45 | X79: 22 | Y79: G9WYSR3WK6D0 | Z79: NAJ997 | AB79: FALSE | AC79: Off | AD79: MPBUMFF50LX278476 | AE79: MPBUMFF50LX278476 | AF79: Pacific/Auckland | AG79: Ford Ranger 2020 4x4 XLT D/C W/S | AH79: 45975.758 | AI79: 45975.843 | AL79: OK | AS79: 0 | AT79: 0 | AU79: Ford | AV79: Ranger | AW79: 2020 | AX79: VehicleType: Truck - Pickup;MainVehicleType: Dual-Purpose Vehicle;SecondaryVehicleType: Light Duty Pickup;Manufacturer: Ford;Company: Ford Motor Company (Thailand) Limited;VIN Error: None;
A80: 516 | B80: bCB | C80: Light Petrol Vehicles, Gasoline or Petrol, LPV/PM, Other Management | D80: Company Group>Asset Information>Asset Type>Vehicle>Light Petrol Vehicles, Company Group>Asset Information>Powertrain and Fuel Type>Internal Combustion Engine>Gasoline or Petrol, Company Group>LPV/PM, Company Group>Other Management | E80: Gasoline or Petrol, Light Petrol Vehicles, LPV/PM, Other Management | F80: Zain | G80: Kader | H80: zain.kader@unitedcivil.co.nz | I80: Standard Hours | J80: GO Mode,Garmin,HOS,Iridium,UI | K80: Stopped | L80: FALSE | N80: 14 Pataua Street, Pataua South 0192, New Zealand | Q80: 102142 | R80: 6.5402584 | S80: 45711.899 | T80: 54789.542 | U80: Version 9 | V80: 120 | W80: 42 | X80: 57 | Y80: G952211A6C07 | Z80: NHQ894 | AB80: FALSE | AC80: Off | AD80: JTDBB3BE40J034224 | AE80: JTDBB3BE40J034224 | AF80: Pacific/Auckland | AG80: Toyota Corolla 2020 SX Hybrid | AH80: 45975.754 | AI80: 45975.86 | AL80: OK | AS80: 0 | AT80: 0 | AU80: Toyota | AV80: Corolla (HEV) | AX80: TrimLevel: ZWE211;VehicleType: Passenger Car;MainVehicleType: Passenger Vehicle;SecondaryVehicleType: Standard;Manufacturer: Toyota;Company: Toyota Motor Corporation;Engine: 1.8L L4 Gasoline (Hybrid), Port (2ZR-FXE, 1NM+1MM) 96 HP;VIN Error: None;
A81: 517 | B81: bE3 | C81: Light Diesel Vehicles, Diesel, LDV/PM, PM | D81: Company Group>Asset Information>Asset Type>Vehicle>Light Diesel Vehicles, Company Group>Asset Information>Powertrain and Fuel Type>Internal Combustion Engine>Diesel, Company Group>LDV/PM, Company Group>PM | E81: Diesel, LDV/PM, Light Diesel Vehicles, PM | F81: Gerrie | G81: Van Der Linde | H81: gerrie.vanderlinde@unitedcivil.co.nz | I81: Standard Hours | J81: GO Mode,Garmin,HOS,Iridium,UI | K81: Stopped | L81: FALSE | N81: 67 Monk Road, Mangapai 0178, New Zealand | Q81: 99256.898 | R81: 93.070833 | S81: 45712.513 | T81: 54789.542 | U81: Version 9 | V81: 120 | W81: 42 | X81: 57 | Y81: G920XKB3ZWES | Z81: NNM799 | AB81: FALSE | AC81: Off | AD81: MPBUMFF60MX340967 | AE81: MPBUMFF60MX340967 | AF81: Pacific/Auckland | AG81: Ford Ranger 2021 4x2 XLT D/C W/S | AH81: 45975.691 | AI81: 45975.859 | AL81: OK | AS81: 0 | AT81: 0 | AU81: Ford | AV81: Ranger | AW81: 2021 | AX81: VehicleType: Truck - Pickup;MainVehicleType: Dual-Purpose Vehicle;SecondaryVehicleType: Light Duty Pickup;Manufacturer: Ford;Company: Ford Motor Company (Thailand) Limited;VIN Error: None;
A82: 518 | B82: bDA | C82: Light Diesel Vehicles, Diesel, LDV/PM, PM | D82: Company Group>Asset Information>Asset Type>Vehicle>Light Diesel Vehicles, Company Group>Asset Information>Powertrain and Fuel Type>Internal Combustion Engine>Diesel, Company Group>LDV/PM, Company Group>PM | E82: Diesel, LDV/PM, Light Diesel Vehicles, PM | F82: Peter | G82: Hughes | H82: peter.hughes@unitedcivil.co.nz | I82: Standard Hours | J82: GO Mode,Garmin,HOS,Iridium,UI | K82: Stopped | L82: FALSE | N82: 45A Landowners Lane, Whangarei 0173, New Zealand | Q82: 108708.2 | R82: 86.695833 | S82: 45711.909 | T82: 54789.542 | U82: Version 9 | V82: 120 | W82: 42 | X82: 59 | Y82: G96TN5TW4ZSF | Z82: NQS995 | AB82: FALSE | AC82: Off | AD82: MNAUMFF60MW168810 | AE82: MNAUMFF60MW168810 | AF82: Pacific/Auckland | AG82: Ford Ranger 2021 4x2 XLT D/C W/S | AH82: 45971.334 | AI82: 45975.854 | AL82: OK | AS82: 0 | AT82: 0 | AU82: Ford | AV82: Ranger | AW82: 2021 | AX82: VehicleType: Truck - Pickup;MainVehicleType: Dual-Purpose Vehicle;SecondaryVehicleType: Light Duty Pickup;Manufacturer: Ford;Company: Auto Alliance (Thailand) Co Ltd;VIN Error: None;
A83: 519 | B83: bB2 | C83: Light Diesel Vehicles, Diesel, LDV/PM, PM | D83: Company Group>Asset Information>Asset Type>Vehicle>Light Diesel Vehicles, Company Group>Asset Information>Powertrain and Fuel Type>Internal Combustion Engine>Diesel, Company Group>LDV/PM, Company Group>PM | E83: Diesel, LDV/PM, Light Diesel Vehicles, PM | F83: Wayne | G83: Pepperell | H83: wayne.pepperell@unitedcivil.co.nz | I83: Standard Hours | J83: GO Mode,Garmin,HOS,Iridium,UI | K83: Stopped | L83: FALSE | N83: 24 Angus Lane, Te Kamo, Whangārei 0112, New Zealand | Q83: 141324.59 | R83: 115.125 | S83: 45693.652 | T83: 54789.542 | U83: Version 9 | V83: 120 | W83: 42 | X83: 59 | Y83: G9SN0M1FNC3B | Z83: NQS996 | AB83: FALSE | AC83: Off | AD83: MNAUMFF60MW168796 | AE83: MNAUMFF60MW168796 | AF83: Pacific/Auckland | AG83: Ford Ranger 2021 4x2 XLT D/C W/S | AH83: 45975.732 | AI83: 45975.858 | AL83: OK | AS83: 0 | AT83: 0 | AU83: Ford | AV83: Ranger | AW83: 2021 | AX83: VehicleType: Truck - Pickup;MainVehicleType: Dual-Purpose Vehicle;SecondaryVehicleType: Light Duty Pickup;Manufacturer: Ford;Company: Auto Alliance (Thailand) Co Ltd;VIN Error: None;
A84: 520 | B84: b1C3 | C84: Light Diesel Vehicles, LDV/Other Management, Other Management | D84: Company Group>Asset Information>Asset Type>Vehicle>Light Diesel Vehicles, Company Group>LDV/Other Management, Company Group>Other Management | E84: LDV/Other Management, Light Diesel Vehicles, Other Management | I84: Standard Hours | L84: FALSE | Q84: 120308 | R84: 0 | S84: 45805.519 | T84: 54789.542 | U84: None | V84: -1 | Z84: NRJ849 | AB84: FALSE | AC84: NotApplicable | AD84: MNAUMFF60MW170095 | AF84: UTC | AG84: Ford Ranger 2021 4x4 XLT DC WS | AS84: 0 | AT84: 0 | AU84: Ford | AV84: Ranger | AW84: 2021 | AX84: VehicleType: Truck - Pickup;MainVehicleType: Dual-Purpose Vehicle;SecondaryVehicleType: Light Duty Pickup;Manufacturer: Ford;Company: Auto Alliance (Thailand) Co Ltd;VIN Error: None;
A85: 521 | B85: bE2 | C85: Light Diesel Vehicles, Diesel, LDV/PE, Other Management | D85: Company Group>Asset Information>Asset Type>Vehicle>Light Diesel Vehicles, Company Group>Asset Information>Powertrain and Fuel Type>Internal Combustion Engine>Diesel, Company Group>LDV/PE, Company Group>Other Management | E85: Diesel, LDV/PE, Light Diesel Vehicles, Other Management | F85: James | G85: McCarthy | H85: james.mccarthy@unitedcivil.co.nz | I85: Standard Hours | J85: GO Mode,Garmin,HOS,Iridium,UI | K85: Stopped | L85: FALSE | N85: 586 Swamp Road, Puketapu 4183, New Zealand | Q85: 153736.59 | R85: 112.6625 | S85: 45712.512 | T85: 54789.542 | U85: Version 9 | V85: 120 | W85: 42 | X85: 57 | Y85: G9W8T5W5TJBH | Z85: NRJ851 | AB85: FALSE | AC85: Off | AD85: MNAUMFF60MW170096 | AE85: MNAUMFF60MW170096 | AF85: Pacific/Auckland | AG85: Ford Ranger 2021 4x4 XLT D/C W/S | AH85: 45975.781 | AI85: 45975.845 | AL85: OK | AS85: 0 | AT85: 0 | AU85: Ford | AV85: Ranger | AW85: 2021 | AX85: VehicleType: Truck - Pickup;MainVehicleType: Dual-Purpose Vehicle;SecondaryVehicleType: Light Duty Pickup;Manufacturer: Ford;Company: Auto Alliance (Thailand) Co Ltd;VIN Error: None;
A86: 522 | B86: b182 | C86: Light Diesel Vehicles, Diesel, LDV/PE, PE | D86: Company Group>Asset Information>Asset Type>Vehicle>Light Diesel Vehicles, Company Group>Asset Information>Powertrain and Fuel Type>Internal Combustion Engine>Diesel, Company Group>LDV/PE, Company Group>PE | E86: Diesel, LDV/PE, Light Diesel Vehicles, PE | F86: Nick | G86: Ashurst | H86: nick.ashurst@unitedcivil.co.nz | I86: Standard Hours | J86: GO Mode,Garmin,HOS,Iridium,UI | K86: Stopped | L86: FALSE | M86: United Civil Head Office | N86: United Civil Head Office: 19B Rewa Rewa Road, Raumanga, Whangārei 0110, New Zealand | O86: Office Zone | Q86: 96140.203 | R86: 69.3125 | S86: 45782.951 | T86: 54789.542 | U86: Version 9 | V86: 120 | W86: 45 | X86: 22 | Y86: G959RDZP1H3W | Z86: NSR530 | AB86: FALSE | AC86: Off | AD86: MNAUMFF60MW176931 | AE86: MNAUMFF60MW176931 | AF86: Pacific/Auckland | AG86: Ford Ranger 2021 4x2 XLT D/C W/S | AH86: 45975.786 | AI86: 45975.85 | AL86: OK | AS86: 0 | AT86: 0 | AU86: Ford | AV86: Ranger | AW86: 2021 | AX86: VehicleType: Truck - Pickup;MainVehicleType: Dual-Purpose Vehicle;SecondaryVehicleType: Light Duty Pickup;Manufacturer: Ford;Company: Auto Alliance (Thailand) Co Ltd;VIN Error: None;
A87: 523 | B87: bD2 | C87: Light Diesel Vehicles, Diesel, LDV/PE, PE | D87: Company Group>Asset Information>Asset Type>Vehicle>Light Diesel Vehicles, Company Group>Asset Information>Powertrain and Fuel Type>Internal Combustion Engine>Diesel, Company Group>LDV/PE, Company Group>PE | E87: Diesel, LDV/PE, Light Diesel Vehicles, PE | F87: Iri | G87: Ritchie | H87: iri.ritchie@unitedcivil.co.nz | I87: Standard Hours | J87: GO Mode,Garmin,HOS,Iridium,UI | K87: Stopped | L87: FALSE | N87: 1294 Taihape Road, Sherenden 4179, New Zealand | Q87: 95485.5 | R87: 70.558333 | S87: 45711.905 | T87: 54789.542 | U87: Version 9 | V87: 120 | W87: 42 | X87: 57 | Y87: G9317WZB9RM4 | Z87: NSR531 | AB87: FALSE | AC87: Off | AD87: MNAUMFF60MW176935 | AE87: MNAUMFF60MW176935 | AF87: Pacific/Auckland | AG87: Ford Ranger 2021 4x2 XLT D/C W/S | AH87: 45975.68 | AI87: 45975.849 | AL87: OK | AS87: 0 | AT87: 0 | AU87: Ford | AV87: Ranger | AW87: 2021 | AX87: VehicleType: Truck - Pickup;MainVehicleType: Dual-Purpose Vehicle;SecondaryVehicleType: Light Duty Pickup;Manufacturer: Ford;Company: Auto Alliance (Thailand) Co Ltd;VIN Error: None;
A88: 524 | B88: bF9 | C88: Light Diesel Vehicles, Diesel, LDV/Trade Staff, Trade Staff | D88: Company Group>Asset Information>Asset Type>Vehicle>Light Diesel Vehicles, Company Group>Asset Information>Powertrain and Fuel Type>Internal Combustion Engine>Diesel, Company Group>LDV/Trade Staff, Company Group>Trade Staff | E88: Diesel, LDV/Trade Staff, Light Diesel Vehicles, Trade Staff | I88: Standard Hours | J88: GO Mode,Garmin,HOS,Iridium,UI | K88: Stopped | L88: FALSE | N88: 28 Waro Drive, Hikurangi 0114, New Zealand | Q88: 96237.297 | R88: 10.950197 | S88: 45721.968 | T88: 54789.542 | U88: Version 9 | V88: 120 | W88: 42 | X88: 57 | Y88: G9ZF7YU7WDW7 | Z88: NZF473 | AB88: FALSE | AC88: Off | AD88: MR0JA3DD300349509 | AE88: MR0JA3DD300349509 | AF88: Pacific/Auckland | AG88: Toyota Hilux 2022 4x2 SR D/C W/S | AH88: 45975.703 | AI88: 45975.85 | AL88: OK | AS88: 0 | AT88: 0 | AU88: Toyota | AV88: Hilux | AX88: TrimLevel: GUN1##;VehicleType: Truck - Pickup;MainVehicleType: Dual-Purpose Vehicle;SecondaryVehicleType: Light Duty Pickup;Manufacturer: Toyota;Company: Toyota Motor Thailand Co Ltd;VIN Error: None;
A89: 525 | B89: b11A | C89: Light Diesel Vehicles, Diesel, LDV/Trade Staff, Trade Staff | D89: Company Group>Asset Information>Asset Type>Vehicle>Light Diesel Vehicles, Company Group>Asset Information>Powertrain and Fuel Type>Internal Combustion Engine>Diesel, Company Group>LDV/Trade Staff, Company Group>Trade Staff | E89: Diesel, LDV/Trade Staff, Light Diesel Vehicles, Trade Staff | I89: Standard Hours | J89: GO Mode,Garmin,HOS,Iridium,UI | K89: Stopped | L89: FALSE | N89: 179 Otaika Road, Raumanga, Whangārei 0110, New Zealand | Q89: 138673.41 | R89: 16.24153 | S89: 45807.562 | T89: 54789.542 | U89: Version 9 | V89: 120 | W89: 42 | X89: 57 | Y89: G9A3TKXBWJ41 | Z89: NZW104 | AB89: FALSE | AC89: Off | AD89: MR0JA3DD300349526 | AE89: MR0JA3DD300349526 | AF89: Pacific/Auckland | AG89: Toyota Hilux 2022 4x2 SR D/C W/S | AH89: 45975.85 | AI89: 45975.851 | AL89: OK | AS89: 0 | AT89: 0 | AU89: Toyota | AV89: Hilux | AX89: TrimLevel: GUN1##;VehicleType: Truck - Pickup;MainVehicleType: Dual-Purpose Vehicle;SecondaryVehicleType: Light Duty Pickup;Manufacturer: Toyota;Company: Toyota Motor Thailand Co Ltd;VIN Error: None;
A90: 526 | B90: b188 | C90: Light Diesel Vehicles, Diesel, LDV/Supervisor, Supervisor | D90: Company Group>Asset Information>Asset Type>Vehicle>Light Diesel Vehicles, Company Group>Asset Information>Powertrain and Fuel Type>Internal Combustion Engine>Diesel, Company Group>LDV/Supervisor, Company Group>Supervisor | E90: Diesel, LDV/Supervisor, Light Diesel Vehicles, Supervisor | F90: Mark | G90: Olsen | H90: mark.olsen@unitedcivil.co.nz | I90: Standard Hours | J90: GO Mode,Garmin,HOS,Iridium,UI | K90: Stopped | L90: FALSE | N90: 11 Shoebridge Crescent, Ngunguru 0173, New Zealand | Q90: 95277.898 | R90: 12.376934 | S90: 45782.952 | T90: 54789.542 | U90: Version 9 | V90: 120 | W90: 42 | X90: 57 | Y90: G9VWFN34WNKK | Z90: NZW118 | AB90: FALSE | AC90: Off | AD90: MR0JA3DDX00371667 | AE90: MR0JA3DDX00371667 | AF90: Pacific/Auckland | AG90: Toyota Hilux 2022 4x2 SR D/C W/S | AH90: 45975.484 | AI90: 45975.86 | AL90: OK | AS90: 0 | AT90: 0 | AU90: Toyota | AV90: Hilux | AX90: TrimLevel: GUN1##;VehicleType: Truck - Pickup;MainVehicleType: Dual-Purpose Vehicle;SecondaryVehicleType: Light Duty Pickup;Manufacturer: Toyota;Company: Toyota Motor Thailand Co Ltd;VIN Error: None;
A91: 527 | B91: b18B | C91: Light Diesel Vehicles, Diesel, LDV/Supervisor, Supervisor | D91: Company Group>Asset Information>Asset Type>Vehicle>Light Diesel Vehicles, Company Group>Asset Information>Powertrain and Fuel Type>Internal Combustion Engine>Diesel, Company Group>LDV/Supervisor, Company Group>Supervisor | E91: Diesel, LDV/Supervisor, Light Diesel Vehicles, Supervisor | F91: Gary | G91: Blackwood | H91: gary.blackwood@unitedcivil.co.nz | I91: Standard Hours | J91: GO Mode,Garmin,HOS,Iridium,UI | K91: Stopped | L91: FALSE | N91: 5 Taniwha Street, Taupō 3330, New Zealand | Q91: 97587.398 | R91: 7.4526516 | S91: 45782.953 | T91: 54789.542 | U91: Version 9 | V91: 120 | W91: 42 | X91: 57 | Y91: G9WWXVES7ZVV | Z91: PAP496 | AB91: FALSE | AC91: Off | AD91: MR0JA3DD600349536 | AE91: MR0JA3DD600349536 | AF91: Pacific/Auckland | AG91: Toyota Hilux 2022 4x2 SR D/C W/S | AH91: 45975.639 | AI91: 45975.848 | AL91: OK | AS91: 0 | AT91: 0 | AU91: Toyota | AV91: Hilux | AX91: TrimLevel: GUN1##;VehicleType: Truck - Pickup;MainVehicleType: Dual-Purpose Vehicle;SecondaryVehicleType: Light Duty Pickup;Manufacturer: Toyota;Company: Toyota Motor Thailand Co Ltd;VIN Error: None;
A92: 528 | B92: b181 | C92: Light Diesel Vehicles, Diesel, LDV/Trade Staff, Trade Staff | D92: Company Group>Asset Information>Asset Type>Vehicle>Light Diesel Vehicles, Company Group>Asset Information>Powertrain and Fuel Type>Internal Combustion Engine>Diesel, Company Group>LDV/Trade Staff, Company Group>Trade Staff | E92: Diesel, LDV/Trade Staff, Light Diesel Vehicles, Trade Staff | F92: Berne | G92: Connelly | H92: berne.connelly | I92: Standard Hours | J92: GO Mode,Garmin,HOS,Iridium,UI | K92: Stopped | L92: FALSE | M92: Kaikohe Work Area | N92: Kaikohe Work Area: 31 Harold Avenue, Kaikohe 0405, New Zealand | O92: Project | Q92: 89151.797 | R92: 19.120093 | S92: 45782.953 | T92: 54789.542 | U92: Version 9 | V92: 120 | W92: 42 | X92: 57 | Y92: G933JZ6MV04H | Z92: PCE760 | AB92: FALSE | AC92: Off | AD92: MR0JA3DD800349571 | AE92: MR0JA3DD800349571 | AF92: Pacific/Auckland | AG92: Toyota Hilux 2022 4x2 SR D/C W/S | AH92: 45975.698 | AI92: 45975.845 | AL92: OK | AS92: 0 | AT92: 0 | AU92: Toyota | AV92: Hilux | AX92: TrimLevel: GUN1##;VehicleType: Truck - Pickup;MainVehicleType: Dual-Purpose Vehicle;SecondaryVehicleType: Light Duty Pickup;Manufacturer: Toyota;Company: Toyota Motor Thailand Co Ltd;VIN Error: None;
A93: 530 | B93: bCA | C93: Light Diesel Vehicles, Diesel, LDV/Other Management, Other Management | D93: Company Group>Asset Information>Asset Type>Vehicle>Light Diesel Vehicles, Company Group>Asset Information>Powertrain and Fuel Type>Internal Combustion Engine>Diesel, Company Group>LDV/Other Management, Company Group>Other Management | E93: Diesel, LDV/Other Management, Light Diesel Vehicles, Other Management | F93: Engelbert | G93: Van Schalkwyk | H93: engelbert.vanschalkwyk@unitedcivil.co.nz | I93: Standard Hours | J93: GO Mode,Garmin,HOS,Iridium,UI | K93: Stopped | L93: FALSE | N93: 101 Church Street, Onerahi, Whangārei 0110, New Zealand | Q93: 151185 | R93: 20.818179 | S93: 45716.483 | T93: 54789.542 | U93: Version 9 | V93: 120 | W93: 42 | X93: 57 | Y93: G95ZHRRVYTAM | Z93: MAR717 | AB93: FALSE | AC93: Off | AD93: MR0JA3DDX00344484 | AE93: MR0JA3DDX00344484 | AF93: Pacific/Auckland | AG93: Toyota Hilux 2019 4x2 SR D/C W/S | AH93: 45975.698 | AI93: 45975.846 | AL93: OK | AS93: 0 | AT93: 0 | AU93: Toyota | AV93: Hilux | AX93: TrimLevel: GUN1##;VehicleType: Truck - Pickup;MainVehicleType: Dual-Purpose Vehicle;SecondaryVehicleType: Light Duty Pickup;Manufacturer: Toyota;Company: Toyota Motor Thailand Co Ltd;VIN Error: None;
A94: 531 | B94: b119 | C94: Light Diesel Vehicles, LDV/Trade Staff, Trade Staff | D94: Company Group>Asset Information>Asset Type>Vehicle>Light Diesel Vehicles, Company Group>LDV/Trade Staff, Company Group>Trade Staff | E94: LDV/Trade Staff, Light Diesel Vehicles, Trade Staff | F94: Rico | G94: Cemino | H94: rico.cemino | I94: Standard Hours | J94: GO Mode,Garmin,HOS,Iridium,UI | K94: Stopped | L94: FALSE | N94: 179 Otaika Road, Raumanga, Whangārei 0110, New Zealand | Q94: 320792.59 | R94: 12.484961 | S94: 45807.562 | T94: 54789.542 | U94: Version 9 | V94: 120 | W94: 42 | X94: 57 | Y94: G9MZ91R7SWNN | Z94: GUJ411 | AB94: FALSE | AC94: Off | AE94: @@@@@@@@@@@@@@@@@ | AF94: Pacific/Auckland | AG94: Isuzu D-Max 2013 4X2 LS D/C W/S | AH94: 45975.709 | AI94: 45975.856 | AL94: OK | AS94: 0 | AT94: 0 | AX94: VIN Error: CouldNotDecodeError;
A95: 532 | B95: b189 | C95: Electric Vehicles, Battery Electric Vehicle, BYD, EV/PE, PE | D95: Company Group>Asset Information>Asset Type>Vehicle>Electric Vehicles, Company Group>Asset Information>Powertrain and Fuel Type>Electric or Plug-In Hybrid>Battery Electric Vehicle, Company Group>BYD, Company Group>EV/PE, Company Group>PE | E95: Battery Electric Vehicle, BYD, Electric Vehicles, EV/PE, PE | F95: Michael | G95: Polglase | H95: michael.polglase@unitedcivil.co.nz | I95: Standard Hours | J95: GO Mode,Garmin,HOS,Iridium,UI | K95: Stopped | L95: FALSE | N95: 28 Mountain Road, Morningside, Whangārei 0110, New Zealand | Q95: 49620.277 | R95: 25.753805 | S95: 45782.953 | T95: 54789.542 | U95: Version 9 | V95: 120 | W95: 45 | X95: 22 | Y95: G9K1YD6WD4P7 | Z95: QAJ980 | AB95: FALSE | AC95: Off | AD95: LGXCE4CB9P2039772 | AE95: LGXCE4CB9P2039772 | AF95: Pacific/Auckland | AG95: BYD Atto 3 2023 Extended Range | AH95: 45975.71 | AI95: 45975.857 | AL95: OK | AS95: 0 | AT95: 0 | AU95: BYD | AV95: Atto 3 / Yuan Plus | AW95: 2023 | AX95: VehicleType: Passenger Car;MainVehicleType: Passenger Vehicle;SecondaryVehicleType: SUV;Manufacturer: BYD;Company: BYD Auto Co. Ltd.;VIN Error: None;
A96: 533 | B96: b2 | C96: Electric Vehicles, Battery Electric Vehicle, BYD, EV/Other Management, Other Management | D96: Company Group>Asset Information>Asset Type>Vehicle>Electric Vehicles, Company Group>Asset Information>Powertrain and Fuel Type>Electric or Plug-In Hybrid>Battery Electric Vehicle, Company Group>BYD, Company Group>EV/Other Management, Company Group>Other Management | E96: Battery Electric Vehicle, BYD, Electric Vehicles, EV/Other Management, Other Management | F96: Tom | G96: Collis | H96: tom.collis@unitedcivil.co.nz | I96: Standard Hours | J96: GO Mode,Garmin,HOS,Iridium,UI | K96: Stopped | L96: FALSE | M96: United Civil Head Office | N96: United Civil Head Office: 19B Rewa Rewa Road, Raumanga, Whangārei 0110, New Zealand | O96: Office Zone | Q96: 28001.48 | R96: 66.344323 | S96: 45538.582 | T96: 54789.542 | U96: Version 9 | V96: 120 | W96: 42 | X96: 57 | Y96: G9P2UPYBVE0Y | Z96: QAU621 | AB96: FALSE | AC96: Off | AD96: LGXCE4CB8P2039861 | AE96: LGXCE4CB8P2039861 | AF96: Pacific/Auckland | AG96: BYD Atto 3 2023 Extended Range | AH96: 45975.582 | AI96: 45975.86 | AL96: OK | AS96: 0 | AT96: 0 | AU96: BYD | AV96: Atto 3 / Yuan Plus | AW96: 2023 | AX96: VehicleType: Passenger Car;MainVehicleType: Passenger Vehicle;SecondaryVehicleType: SUV;Manufacturer: BYD;Company: BYD Auto Co. Ltd.;VIN Error: None;
A97: 534 | B97: b16F | C97: Electric Vehicles, Battery Electric Vehicle, EV/Other Management, Other Management | D97: Company Group>Asset Information>Asset Type>Vehicle>Electric Vehicles, Company Group>Asset Information>Powertrain and Fuel Type>Electric or Plug-In Hybrid>Battery Electric Vehicle, Company Group>EV/Other Management, Company Group>Other Management | E97: Battery Electric Vehicle, Electric Vehicles, EV/Other Management, Other Management | F97: Tania | G97: Tipene | H97: tania.tipene@unitedcivil.co.nz | I97: Standard Hours | J97: GO Mode,Garmin,HOS,Iridium,UI | K97: Stopped | L97: FALSE | N97: 134 Otaika Road, Raumanga, Whangārei 0110, New Zealand | Q97: 32160 | R97: 4.9095937 | S97: 45782.942 | T97: 54789.542 | U97: Version 9 | V97: 120 | W97: 42 | X97: 59 | Y97: G949VT146DYK | Z97: QFC57 | AB97: FALSE | AC97: Off | AD97: LRWYHCFS4PC205476 | AE97: LRWYHCFS4PC205476 | AF97: Pacific/Auckland | AG97: Tesla Model Y 2023 | AH97: 45975.71 | AI97: 45975.857 | AL97: OK | AS97: 0 | AT97: 0 | AU97: Tesla | AV97: Model Y | AW97: 2023 | AX97: TrimLevel: Battery: Lithium Iron/LFP;VehicleType: Passenger Car;MainVehicleType: Passenger Vehicle;SecondaryVehicleType: Standard;Manufacturer: Tesla;Company: Tesla, Inc. (Gigafactory Shanghai);Country: China;Plant: Shanghai;VIN Error: None;
A98: 535 | B98: b1A1 | C98: Electric Vehicles, Battery Electric Vehicle, EV/PM, PM | D98: Company Group>Asset Information>Asset Type>Vehicle>Electric Vehicles, Company Group>Asset Information>Powertrain and Fuel Type>Electric or Plug-In Hybrid>Battery Electric Vehicle, Company Group>EV/PM, Company Group>PM | E98: Battery Electric Vehicle, Electric Vehicles, EV/PM, PM | I98: Standard Hours | J98: GO Mode,Garmin,HOS,Iridium,UI | K98: Stopped | L98: FALSE | N98: 18 Western View Heights, Horahora, Whangārei 0110, New Zealand | Q98: 46490.801 | R98: 5.0805466 | S98: 45782.954 | T98: 54789.542 | U98: Version 9 | V98: 120 | W98: 42 | X98: 57 | Y98: G96868U7EAWZ | Z98: QFC58 | AB98: FALSE | AC98: Off | AD98: LRWYHCFS5PC205082 | AE98: LRWYHCFS5PC205082 | AF98: Pacific/Auckland | AG98: Tesla Model Y 2024 | AH98: 45975.723 | AI98: 45975.849 | AL98: OK | AS98: 500 | AT98: 0 | AU98: Tesla | AV98: Model Y | AW98: 2023 | AX98: TrimLevel: Battery: Lithium Iron/LFP;VehicleType: Passenger Car;MainVehicleType: Passenger Vehicle;SecondaryVehicleType: Standard;Manufacturer: Tesla;Company: Tesla, Inc. (Gigafactory Shanghai);Country: China;Plant: Shanghai;VIN Error: None;
A99: 536 | B99: bF3 | C99: Electric Vehicles, Battery Electric Vehicle, EV/Other Management, Other Management | D99: Company Group>Asset Information>Asset Type>Vehicle>Electric Vehicles, Company Group>Asset Information>Powertrain and Fuel Type>Electric or Plug-In Hybrid>Battery Electric Vehicle, Company Group>EV/Other Management, Company Group>Other Management | E99: Battery Electric Vehicle, Electric Vehicles, EV/Other Management, Other Management | F99: Tony | G99: Abiad | H99: tony.abiad@unitedcivil.co.nz | I99: Standard Hours | J99: GO Mode,Garmin,HOS,Iridium,UI | K99: Stopped | L99: FALSE | N99: 510 Hart Drive, Frimley, Hastings 4120, New Zealand | Q99: 71890.398 | R99: 8.219478 | S99: 45720.96 | T99: 54789.542 | U99: Version 9 | V99: 120 | W99: 45 | X99: 22 | Y99: G93VNTJEVMVH | Z99: QFC71 | AB99: FALSE | AC99: Off | AD99: LRWYHCFS3PC205081 | AE99: LRWYHCFS3PC205081 | AF99: Pacific/Auckland | AG99: Tesla Model Y 2023 | AH99: 45965.709 | AI99: 45975.858 | AL99: OK | AS99: 0 | AT99: 0 | AU99: Tesla | AV99: Model Y | AW99: 2023 | AX99: TrimLevel: Battery: Lithium Iron/LFP;VehicleType: Passenger Car;MainVehicleType: Passenger Vehicle;SecondaryVehicleType: Standard;Manufacturer: Tesla;Company: Tesla, Inc. (Gigafactory Shanghai);Country: China;Plant: Shanghai;VIN Error: None;
A100: 537 | B100: bFD | C100: Light Diesel Vehicles, Diesel, LDV/Supervisor, Supervisor | D100: Company Group>Asset Information>Asset Type>Vehicle>Light Diesel Vehicles, Company Group>Asset Information>Powertrain and Fuel Type>Internal Combustion Engine>Diesel, Company Group>LDV/Supervisor, Company Group>Supervisor | E100: Diesel, LDV/Supervisor, Light Diesel Vehicles, Supervisor | F100: Arthur | G100: Ruedi | H100: arthur.ruedi@unitedcivil.co.nz | I100: Standard Hours | J100: GO Mode,Garmin,HOS,Iridium,UI | K100: Stopped | L100: FALSE | N100: 69B Sands Road, Whareora 0173, New Zealand | Q100: 57550 | R100: 15.329497 | S100: 45723.443 | T100: 54789.542 | U100: Version 9 | V100: 120 | W100: 42 | X100: 57 | Y100: G9D22RY888ED | Z100: QJZ870 | AB100: FALSE | AC100: Off | AD100: MR0JA3DD700352025 | AE100: MR0JA3DD700352025 | AF100: Pacific/Auckland | AG100: Toyota Hilux 2024 4x2 SR D/C W/S | AH100: 45975.82 | AI100: 45975.842 | AL100: OK | AS100: 0 | AT100: 0 | AU100: Toyota | AV100: Hilux | AX100: TrimLevel: GUN1##;VehicleType: Truck - Pickup;MainVehicleType: Dual-Purpose Vehicle;SecondaryVehicleType: Light Duty Pickup;Manufacturer: Toyota;Company: Toyota Motor Thailand Co Ltd;VIN Error: None;
...

Sheet Report
A1: Device Report | D1: =Data!B2 -> 45975.863
A2: =Data!B1 -> United Civil Construction Limited
A4: Report Time Zone | B4: =Data!B3 -> Pacific/Auckland
A5: Distance Unit | B5: =Data!B4 -> km
A7: Device | B7: Device Group | C7: Device ID | D7: First Name | E7: Last Name | F7: Current Driver | G7: Work time | H7: Current Activity | I7: In Privacy Mode | J7: Last Stop Address | K7: Last Stop Zone Types | L7: Current Odometer | M7: Current Engine Hours | N7: Active from | O7: Active to | P7: Is Archived (Historical) | Q7: Plan | R7: Device Type | S7: Firmware Version | T7: Serial No. | U7: License Plate | V7: License State/Province | W7: VIN | X7: Time Zone | Y7: Device Comment | Z7: Download Status | AA7: Last Trip | AB7: Last Communication Date
A8: =Data!A9 -> 1 | B8: =Data!C9 -> Vehicle, EV/Other Management | C8: =Data!B9 -> b2F2 | D8: =Data!F9 -> 0 | E8: =Data!G9 -> 0 | F8: =Data!H9 -> 0 | G8: =Data!I9 -> Standard Hours | H8: =Data!K9 -> 0 | I8: =Data!L9 -> FALSE | J8: =Data!N9 -> 0 | K8: =Data!O9 -> 0 | L8: =Data!Q9 -> 0 | M8: =Data!R9 -> 0 | N8: =Data!S9 -> 45948.893 | O8: =Data!T9 -> 54789.542 | P8: =OR(Data!$B$2<Data!S9,Data!$B$2>Data!T9) -> FALSE | Q8: =Data!J9 -> Terminate Mode,UI | R8: =Data!U9 -> Version 9 | S8: =CONCATENATE(Data!V9,".",Data!W9,".",Data!X9) -> 120.0.0 | T8: =Data!Y9 -> G9W1PJSDBFNV | U8: =Data!Z9 -> 0 | V8: =Data!AA9 -> 0 | W8: =Data!AD9 -> 0 | X8: =Data!AF9 -> UTC | Y8: =IF(ISBLANK(Data!AG9),"",Data!AG9) | Z8: =Data!AL9 -> 0 | AA8: =Data!AH9 -> 0 | AB8: =IF(ISBLANK(Data!AI9),"",Data!AI9)
A9: =Data!A10 -> 103 | B9: =Data!C10 -> Digger, Excavator/Tradestaff, Machines, Trade Staff | C9: =Data!B10 -> b161 | D9: =Data!F10 -> 0 | E9: =Data!G10 -> 0 | F9: =Data!H10 -> 0 | G9: =Data!I10 -> Standard Hours | H9: =Data!K10 -> Stopped | I9: =Data!L10 -> FALSE | J9: =Data!N10 -> Channel Infrastructure: 41 Mair Road, Marsden Point 0171, New Zealand | K9: =Data!O10 -> Project | L9: =Data!Q10 -> 283.65958 | M9: =Data!R10 -> 348.29408 | N9: =Data!S10 -> 45782.821 | O9: =Data!T10 -> 54789.542 | P9: =OR(Data!$B$2<Data!S10,Data!$B$2>Data!T10) -> FALSE | Q9: =Data!J10 -> GO Mode,Garmin,HOS,Iridium,UI | R9: =Data!U10 -> Version 9 | S9: =CONCATENATE(Data!V10,".",Data!W10,".",Data!X10) -> 120.42.57 | T9: =Data!Y10 -> G9JS3X5N41M7 | U9: =Data!Z10 -> EUG563 | V9: =Data!AA10 -> 0 | W9: =Data!AD10 -> 0 | X9: =Data!AF10 -> Pacific/Auckland | Y9: =IF(ISBLANK(Data!AG10),"",Data!AG10) -> 14T Hitachi ZX140W-3 2009 | Z9: =Data!AL10 -> OK | AA9: =Data!AH10 -> 45974.543 | AB9: =IF(ISBLANK(Data!AI10),"",Data!AI10) -> 45975.849
A10: =Data!A11 -> 1080 | B10: =Data!C11 -> Generator, Generator/Trade Staff, Trade Staff | C10: =Data!B11 -> b2C5 | D10: =Data!F11 -> 0 | E10: =Data!G11 -> 0 | F10: =Data!H11 -> 0 | G10: =Data!I11 -> Standard Hours | H10: =Data!K11 -> 0 | I10: =Data!L11 -> FALSE | J10: =Data!N11 -> 0 | K10: =Data!O11 -> 0 | L10: =Data!Q11 -> 0 | M10: =Data!R11 -> 0 | N10: =Data!S11 -> 45929.439 | O10: =Data!T11 -> 54789.542 | P10: =OR(Data!$B$2<Data!S11,Data!$B$2>Data!T11) -> FALSE | Q10: =Data!J11 -> 0 | R10: =Data!U11 -> None | S10: =CONCATENATE(Data!V11,".",Data!W11,".",Data!X11) -> -1.. | T10: =Data!Y11 -> 0 | U10: =Data!Z11 -> 0 | V10: =Data!AA11 -> 0 | W10: =Data!AD11 -> 0 | X10: =Data!AF11 -> UTC | Y10: =IF(ISBLANK(Data!AG11),"",Data!AG11) -> P9 Fox | Z10: =Data!AL11 -> 0 | AA10: =Data!AH11 -> 0 | AB10: =IF(ISBLANK(Data!AI11),"",Data!AI11)
A11: =Data!A12 -> 1081 | B11: =Data!C12 -> Generator, Generator/Trade Staff, Trade Staff | C11: =Data!B12 -> b2C6 | D11: =Data!F12 -> 0 | E11: =Data!G12 -> 0 | F11: =Data!H12 -> 0 | G11: =Data!I12 -> Standard Hours | H11: =Data!K12 -> 0 | I11: =Data!L12 -> FALSE | J11: =Data!N12 -> 0 | K11: =Data!O12 -> 0 | L11: =Data!Q12 -> 0 | M11: =Data!R12 -> 521.54167 | N11: =Data!S12 -> 45929.44 | O11: =Data!T12 -> 54789.542 | P11: =OR(Data!$B$2<Data!S12,Data!$B$2>Data!T12) -> FALSE | Q11: =Data!J12 -> 0 | R11: =Data!U12 -> None | S11: =CONCATENATE(Data!V12,".",Data!W12,".",Data!X12) -> -1.. | T11: =Data!Y12 -> 0 | U11: =Data!Z12 -> 0 | V11: =Data!AA12 -> 0 | W11: =Data!AD12 -> 0 | X11: =Data!AF12 -> UTC | Y11: =IF(ISBLANK(Data!AG12),"",Data!AG12) -> P15 Fox | Z11: =Data!AL12 -> 0 | AA11: =Data!AH12 -> 0 | AB11: =IF(ISBLANK(Data!AI12),"",Data!AI12)
A12: =Data!A13 -> 111 | B12: =Data!C13 -> Digger, Battery Electric Vehicle, Excavator/Tradestaff, Machines | C12: =Data!B13 -> b176 | D12: =Data!F13 -> Archie | E12: =Data!G13 -> Abellana | F12: =Data!H13 -> archie.abellana | G12: =Data!I13 -> Standard Hours | H12: =Data!K13 -> Stopped | I12: =Data!L13 -> FALSE | J12: =Data!N13 -> Gillingham Road: 75 Gillingham Road, Te Kamo, Whangārei 0112, New Zealand | K12: =Data!O13 -> Project | L12: =Data!Q13 -> 153.15073 | M12: =Data!R13 -> 344.52307 | N12: =Data!S13 -> 45842.406 | O12: =Data!T13 -> 54789.542 | P12: =OR(Data!$B$2<Data!S13,Data!$B$2>Data!T13) -> FALSE | Q12: =Data!J13 -> GO Mode,Garmin,HOS,Iridium,UI | R12: =Data!U13 -> Version 9 | S12: =CONCATENATE(Data!V13,".",Data!W13,".",Data!X13) -> 120.42.57 | T12: =Data!Y13 -> G9RHXM0XNPXP | U12: =Data!Z13 -> 0 | V12: =Data!AA13 -> 0 | W12: =Data!AD13 -> 0 | X12: =Data!AF13 -> Pacific/Auckland | Y12: =IF(ISBLANK(Data!AG13),"",Data!AG13) -> 13.5T Hitachi ZX135USLC-3 2012 | Z12: =Data!AL13 -> OK | AA12: =Data!AH13 -> 45975.659 | AB12: =IF(ISBLANK(Data!AI13),"",Data!AI13) -> 45975.848
A13: =Data!A14 -> 1141 | B13: =Data!C14 -> Generator, Generator/Trade Staff, Trade Staff | C13: =Data!B14 -> b2C7 | D13: =Data!F14 -> 0 | E13: =Data!G14 -> 0 | F13: =Data!H14 -> 0 | G13: =Data!I14 -> Standard Hours | H13: =Data!K14 -> 0 | I13: =Data!L14 -> FALSE | J13: =Data!N14 -> 0 | K13: =Data!O14 -> 0 | L13: =Data!Q14 -> 0 | M13: =Data!R14 -> 0 | N13: =Data!S14 -> 45929.44 | O13: =Data!T14 -> 54789.542 | P13: =OR(Data!$B$2<Data!S14,Data!$B$2>Data!T14) -> FALSE | Q13: =Data!J14 -> 0 | R13: =Data!U14 -> None | S13: =CONCATENATE(Data!V14,".",Data!W14,".",Data!X14) -> -1.. | T13: =Data!Y14 -> 0 | U13: =Data!Z14 -> 0 | V13: =Data!AA14 -> 0 | W13: =Data!AD14 -> 0 | X13: =Data!AF14 -> UTC | Y13: =IF(ISBLANK(Data!AG14),"",Data!AG14) | Z13: =Data!AL14 -> 0 | AA13: =Data!AH14 -> 0 | AB13: =IF(ISBLANK(Data!AI14),"",Data!AI14)
A14: =Data!A15 -> 122 | B14: =Data!C15 -> Digger, Excavator/Tradestaff, Machines, Trade Staff | C14: =Data!B15 -> b164 | D14: =Data!F15 -> 0 | E14: =Data!G15 -> 0 | F14: =Data!H15 -> 0 | G14: =Data!I15 -> Standard Hours | H14: =Data!K15 -> Stopped | I14: =Data!L15 -> FALSE | J14: =Data!N15 -> Kaitaia Wastewater: 10 Puckey Avenue, Kaitaia 0410, New Zealand | K14: =Data!O15 -> Project | L14: =Data!Q15 -> 398.496 | M14: =Data!R15 -> 277.74583 | N14: =Data!S15 -> 45782.825 | O14: =Data!T15 -> 54789.542 | P14: =OR(Data!$B$2<Data!S15,Data!$B$2>Data!T15) -> FALSE | Q14: =Data!J15 -> GO Mode,Garmin,HOS,Iridium,UI | R14: =Data!U15 -> Version 9 | S14: =CONCATENATE(Data!V15,".",Data!W15,".",Data!X15) -> 120.42.57 | T14: =Data!Y15 -> G9071KVMB37P | U14: =Data!Z15 -> 0 | V14: =Data!AA15 -> 0 | W14: =Data!AD15 -> 0 | X14: =Data!AF15 -> Pacific/Auckland | Y14: =IF(ISBLANK(Data!AG15),"",Data!AG15) -> 5.5T Hitachi ZX55U-5 2014 | Z14: =Data!AL15 -> OK | AA14: =Data!AH15 -> 45967.487 | AB14: =IF(ISBLANK(Data!AI15),"",Data!AI15) -> 45975.469
A15: =Data!A16 -> 123 | B15: =Data!C16 -> Digger, Excavator/Tradestaff, Machines, Trade Staff | C15: =Data!B16 -> b16A | D15: =Data!F16 -> 0 | E15: =Data!G16 -> 0 | F15: =Data!H16 -> 0 | G15: =Data!I16 -> Standard Hours | H15: =Data!K16 -> Stopped | I15: =Data!L16 -> FALSE | J15: =Data!N16 -> Channel Infrastructure: 41 Mair Road, Marsden Point 0171, New Zealand | K15: =Data!O16 -> Project | L15: =Data!Q16 -> 41.567631 | M15: =Data!R16 -> 125.61197 | N15: =Data!S16 -> 45782.835 | O15: =Data!T16 -> 54789.542 | P15: =OR(Data!$B$2<Data!S16,Data!$B$2>Data!T16) -> FALSE | Q15: =Data!J16 -> GO Mode,Garmin,HOS,Iridium,UI | R15: =Data!U16 -> Version 9 | S15: =CONCATENATE(Data!V16,".",Data!W16,".",Data!X16) -> 120.42.57 | T15: =Data!Y16 -> G9F8JM3179FZ | U15: =Data!Z16 -> 0 | V15: =Data!AA16 -> 0 | W15: =Data!AD16 -> 0 | X15: =Data!AF16 -> Pacific/Auckland | Y15: =IF(ISBLANK(Data!AG16),"",Data!AG16) -> 1.7T Hitachi ZX17U-2 2014 | Z15: =Data!AL16 -> OK | AA15: =Data!AH16 -> 45974.547 | AB15: =IF(ISBLANK(Data!AI16),"",Data!AI16) -> 45975.842
A16: =Data!A17 -> 124 | B16: =Data!C17 -> Digger, Diesel, Excavator/Tradestaff, Machines, Trade Staff | C16: =Data!B17 -> b166 | D16: =Data!F17 -> 0 | E16: =Data!G17 -> 0 | F16: =Data!H17 -> 0 | G16: =Data!I17 -> Standard Hours | H16: =Data!K17 -> Stopped | I16: =Data!L17 -> FALSE | J16: =Data!N17 -> Morningside: 65 Morningside Rd, Northland Region 0110, New Zealand | K16: =Data!O17 -> Project | L16: =Data!Q17 -> 229.87764 | M16: =Data!R17 -> 388.45 | N16: =Data!S17 -> 45782.834 | O16: =Data!T17 -> 54789.542 | P16: =OR(Data!$B$2<Data!S17,Data!$B$2>Data!T17) -> FALSE | Q16: =Data!J17 -> GO Mode,Garmin,HOS,Iridium,UI | R16: =Data!U17 -> Version 9 | S16: =CONCATENATE(Data!V17,".",Data!W17,".",Data!X17) -> 120.42.57 | T16: =Data!Y17 -> G9EKK0KRFU3Y | U16: =Data!Z17 -> 0 | V16: =Data!AA17 -> 0 | W16: =Data!AD17 -> 0 | X16: =Data!AF17 -> Pacific/Auckland | Y16: =IF(ISBLANK(Data!AG17),"",Data!AG17) -> 23.5T Hyundai R235 LCR-9 2014 | Z16: =Data!AL17 -> OK | AA16: =Data!AH17 -> 45975.821 | AB16: =IF(ISBLANK(Data!AI17),"",Data!AI17) -> 45975.844
A17: =Data!A18 -> 128 | B17: =Data!C18 -> Digger, Diesel, Excavator/Tradestaff, Machines, Trade Staff | C17: =Data!B18 -> b170 | D17: =Data!F18 -> 0 | E17: =Data!G18 -> 0 | F17: =Data!H18 -> 0 | G17: =Data!I18 -> Standard Hours | H17: =Data!K18 -> Stopped | I17: =Data!L18 -> FALSE | J17: =Data!N18 -> Morningside: 65 Morningside Rd, Northland Region 0110, New Zealand | K17: =Data!O18 -> Project | L17: =Data!Q18 -> 265.51221 | M17: =Data!R18 -> 322.36667 | N17: =Data!S18 -> 45782.834 | O17: =Data!T18 -> 54789.542 | P17: =OR(Data!$B$2<Data!S18,Data!$B$2>Data!T18) -> FALSE | Q17: =Data!J18 -> GO Mode,Garmin,HOS,Iridium,UI | R17: =Data!U18 -> Version 9 | S17: =CONCATENATE(Data!V18,".",Data!W18,".",Data!X18) -> 120.42.57 | T17: =Data!Y18 -> G9USRCKV6BVV | U17: =Data!Z18 -> 0 | V17: =Data!AA18 -> 0 | W17: =Data!AD18 -> 0 | X17: =Data!AF18 -> Pacific/Auckland | Y17: =IF(ISBLANK(Data!AG18),"",Data!AG18) -> 23.5T Hyundai R235LCR-9 2016 | Z17: =Data!AL18 -> OK | AA17: =Data!AH18 -> 45975.742 | AB17: =IF(ISBLANK(Data!AI18),"",Data!AI18) -> 45975.847
A18: =Data!A19 -> 129 | B18: =Data!C19 -> Digger, Excavator/Tradestaff, Machines, Trade Staff | C18: =Data!B19 -> b160 | D18: =Data!F19 -> 0 | E18: =Data!G19 -> 0 | F18: =Data!H19 -> 0 | G18: =Data!I19 -> Standard Hours | H18: =Data!K19 -> Stopped | I18: =Data!L19 -> FALSE | J18: =Data!N19 -> Kaitaia Wastewater: 1 Bonnetts Road, Kaitaia 0410, New Zealand | K18: =Data!O19 -> Project | L18: =Data!Q19 -> 244.47006 | M18: =Data!R19 -> 6.0732569 | N18: =Data!S19 -> 45782.834 | O18: =Data!T19 -> 54789.542 | P18: =OR(Data!$B$2<Data!S19,Data!$B$2>Data!T19) -> FALSE | Q18: =Data!J19 -> GO Mode,Garmin,HOS,Iridium,UI | R18: =Data!U19 -> Version 9 | S18: =CONCATENATE(Data!V19,".",Data!W19,".",Data!X19) -> 120.42.57 | T18: =Data!Y19 -> G940DTZJ0XM1 | U18: =Data!Z19 -> 0 | V18: =Data!AA19 -> 0 | W18: =Data!AD19 -> 0 | X18: =Data!AF19 -> Pacific/Auckland | Y18: =IF(ISBLANK(Data!AG19),"",Data!AG19) -> 1.7T Hyundai R17z-19A 2017 | Z18: =Data!AL19 -> OK | AA18: =Data!AH19 -> 45975.334 | AB18: =IF(ISBLANK(Data!AI19),"",Data!AI19) -> 45975.863
A19: =Data!A20 -> 130 | B19: =Data!C20 -> Digger, Excavator/Tradestaff, Machines, Trade Staff | C19: =Data!B20 -> b16E | D19: =Data!F20 -> 0 | E19: =Data!G20 -> 0 | F19: =Data!H20 -> 0 | G19: =Data!I20 -> Standard Hours | H19: =Data!K20 -> Stopped | I19: =Data!L20 -> FALSE | J19: =Data!N20 -> Ngawha: 73B Bannister Road, Ngawha Springs 0472, New Zealand | K19: =Data!O20 -> Project | L19: =Data!Q20 -> 549.59198 | M19: =Data!R20 -> 88.830679 | N19: =Data!S20 -> 45782.835 | O19: =Data!T20 -> 54789.542 | P19: =OR(Data!$B$2<Data!S20,Data!$B$2>Data!T20) -> FALSE | Q19: =Data!J20 -> GO Mode,Garmin,HOS,Iridium,UI | R19: =Data!U20 -> Version 9 | S19: =CONCATENATE(Data!V20,".",Data!W20,".",Data!X20) -> 120.42.57 | T19: =Data!Y20 -> G9K3YS8BXU3J | U19: =Data!Z20 -> 0 | V19: =Data!AA20 -> 0 | W19: =Data!AD20 -> 0 | X19: =Data!AF20 -> Pacific/Auckland | Y19: =IF(ISBLANK(Data!AG20),"",Data!AG20) -> 1.7T Hyundai R17z-19A 2017 | Z19: =Data!AL20 -> OK | AA19: =Data!AH20 -> 45974.572 | AB19: =IF(ISBLANK(Data!AI20),"",Data!AI20) -> 45975.856
... A140: =Data!A141 -> Hired Truck | B140: =Data!C141 -> Heavy Diesel Vehicles, HDV/Trade Staff, Trade Staff | C140: =Data!B141 -> b26E | D140: =Data!F141 -> 0 | E140: =Data!G141 -> 0 | F140: =Data!H141 -> 0 | G140: =Data!I141 -> Standard Hours | H140: =Data!K141 -> 0 | I140: =Data!L141 -> FALSE | J140: =Data!N141 -> 0 | K140: =Data!O141 -> 0 | L140: =Data!Q141 -> 0 | M140: =Data!R141 -> 0 | N140: =Data!S141 -> 45889.423 | O140: =Data!T141 -> 54789.542 | P140: =OR(Data!$B$2<Data!S141,Data!$B$2>Data!T141) -> FALSE | Q140: =Data!J141 -> 0 | R140: =Data!U141 -> None | S140: =CONCATENATE(Data!V141,".",Data!W141,".",Data!X141) -> -1.. | T140: =Data!Y141 -> 0 | U140: =Data!Z141 -> 0 | V140: =Data!AA141 -> 0 | W140: =Data!AD141 -> 2 | X140: =Data!AF141 -> UTC | Y140: =IF(ISBLANK(Data!AG141),"",Data!AG141) | Z140: =Data!AL141 -> 0 | AA140: =Data!AH141 -> 0 | AB140: =IF(ISBLANK(Data!AI141),"",Data!AI141)

Sheet Summary
A1: Device Report | C1: =Data!B2 -> 45975.863
A2: =Data!B1 -> United Civil Construction Limited
A4: Report Time Zone | B4: =Data!B3 -> Pacific/Auckland
A5: Distance Unit | B5: =Data!B4 -> km
A7: Device | B7: Device Group | C7: Current Odometer | D7: Active from | E7: Active to | F7: Device Type | G7: Firmware Version | H7: Serial No. | I7: License Plate | J7: License State/Province | K7: VIN | L7: Time Zone
A8: 1 | B8: Vehicle, EV/Other Management | C8: 0 | D8: 45948.893 | E8: 54789.542 | F8: Version 9 | G8: 120.0.0 | H8: G9W1PJSDBFNV | I8: 0 | J8: 0 | K8: 0 | L8: UTC
A9: 103 | B9: Digger, Excavator/Tradestaff, Machines, Trade Staff | C9: 283.65958 | D9: 45782.821 | E9: 54789.542 | F9: Version 9 | G9: 120.42.57 | H9: G9JS3X5N41M7 | I9: EUG563 | J9: 0 | K9: 0 | L9: Pacific/Auckland
A10: 1080 | B10: Generator, Generator/Trade Staff, Trade Staff | C10: 0 | D10: 45929.439 | E10: 54789.542 | F10: None | G10: -1.. | H10: 0 | I10: 0 | J10: 0 | K10: 0 | L10: UTC
A11: 1081 | B11: Generator, Generator/Trade Staff, Trade Staff | C11: 0 | D11: 45929.44 | E11: 54789.542 | F11: None | G11: -1.. | H11: 0 | I11: 0 | J11: 0 | K11: 0 | L11: UTC
A12: 111 | B12: Digger, Battery Electric Vehicle, Excavator/Tradestaff, Machines | C12: 153.15073 | D12: 45842.406 | E12: 54789.542 | F12: Version 9 | G12: 120.42.57 | H12: G9RHXM0XNPXP | I12: 0 | J12: 0 | K12: 0 | L12: Pacific/Auckland
A13: 1141 | B13: Generator, Generator/Trade Staff, Trade Staff | C13: 0 | D13: 45929.44 | E13: 54789.542 | F13: None | G13: -1.. | H13: 0 | I13: 0 | J13: 0 | K13: 0 | L13: UTC
A14: 122 | B14: Digger, Excavator/Tradestaff, Machines, Trade Staff | C14: 398.496 | D14: 45782.825 | E14: 54789.542 | F14: Version 9 | G14: 120.42.57 | H14: G9071KVMB37P | I14: 0 | J14: 0 | K14: 0 | L14: Pacific/Auckland
A15: 123 | B15: Digger, Excavator/Tradestaff, Machines, Trade Staff | C15: 41.567631 | D15: 45782.835 | E15: 54789.542 | F15: Version 9 | G15: 120.42.57 | H15: G9F8JM3179FZ | I15: 0 | J15: 0 | K15: 0 | L15: Pacific/Auckland
A16: 124 | B16: Digger, Diesel, Excavator/Tradestaff, Machines, Trade Staff | C16: 229.87764 | D16: 45782.834 | E16: 54789.542 | F16: Version 9 | G16: 120.42.57 | H16: G9EKK0KRFU3Y | I16: 0 | J16: 0 | K16: 0 | L16: Pacific/Auckland
A17: 128 | B17: Digger, Diesel, Excavator/Tradestaff, Machines, Trade Staff | C17: 265.51221 | D17: 45782.834 | E17: 54789.542 | F17: Version 9 | G17: 120.42.57 | H17: G9USRCKV6BVV | I17: 0 | J17: 0 | K17: 0 | L17: Pacific/Auckland
A18: 129 | B18: Digger, Excavator/Tradestaff, Machines, Trade Staff | C18: 244.47006 | D18: 45782.834 | E18: 54789.542 | F18: Version 9 | G18: 120.42.57 | H18: G940DTZJ0XM1 | I18: 0 | J18: 0 | K18: 0 | L18: Pacific/Auckland
A19: 130 | B19: Digger, Excavator/Tradestaff, Machines, Trade Staff | C19: 549.59198 | D19: 45782.835 | E19: 54789.542 | F19: Version 9 | G19: 120.42.57 | H19: G9K3YS8BXU3J | I19: 0 | J19: 0 | K19: 0 | L19: Pacific/Auckland
A20: 1304 | B20: Pump, Pump/Trade Staff, Trade Staff | C20: 0 | D20: 45929.442 | E20: 54789.542 | F20: None | G20: -1.. | H20: 0 | I20: 0 | J20: 0 | K20: 0 | L20: UTC
A21: 132 | B21: Digger, Excavator/Tradestaff, Machines, Trade Staff | C21: 132.82076 | D21: 45782.835 | E21: 54789.542 | F21: Version 9 | G21: 120.42.57 | H21: G98ZPSY1BD3K | I21: 0 | J21: 0 | K21: 0 | L21: Pacific/Auckland
A22: 133 | B22: Digger, Diesel, Excavator/Tradestaff, Machines, Trade Staff | C22: 307.37079 | D22: 45782.835 | E22: 54789.542 | F22: Version 9 | G22: 120.42.57 | H22: G9JN6AVZ9WNA | I22: 0 | J22: 0 | K22: 0 | L22: Pacific/Auckland
A23: 134 | B23: Digger, Excavator/Tradestaff, Machines, Trade Staff | C23: 353.31464 | D23: 45782.836 | E23: 54789.542 | F23: Version 9 | G23: 120.42.57 | H23: G9AXAZ5WJSNC | I23: 0 | J23: 0 | K23: 0 | L23: Pacific/Auckland
A24: 137 | B24: Digger, Excavator/Tradestaff, Machines, Trade Staff | C24: 361.92508 | D24: 45782.836 | E24: 54789.542 | F24: Version 9 | G24: 120.42.57 | H24: G960M159TRJS | I24: 0 | J24: 0 | K24: 0 | L24: Pacific/Auckland
A25: 138 | B25: Digger, Diesel, Excavator/Tradestaff, Machines, Trade Staff | C25: 218.2724 | D25: 45782.836 | E25: 54789.542 | F25: Version 9 | G25: 120.42.57 | H25: G9ZT0W7U7AX9 | I25: 0 | J25: 0 | K25: 0 | L25: Pacific/Auckland
A26: 139 | B26: Digger, Diesel, Excavator/Tradestaff, Machines, Trade Staff | C26: 201.37395 | D26: 45782.837 | E26: 54789.542 | F26: Version 9 | G26: 120.42.57 | H26: G9KESM7CCB7P | I26: 0 | J26: 0 | K26: 0 | L26: Pacific/Auckland
A27: 140 | B27: Digger, Excavator/Tradestaff, Machines, Trade Staff | C27: 10.799479 | D27: 45782.839 | E27: 54789.542 | F27: Version 9 | G27: 120.42.57 | H27: G95WT8P1KVE4 | I27: 0 | J27: 0 | K27: 0 | L27: Pacific/Auckland
A28: 141 | B28: Digger, Excavator/Tradestaff, Machines, Trade Staff | C28: 1909.9972 | D28: 45782.839 | E28: 54789.542 | F28: Version 9 | G28: 120.42.57 | H28: G97JWZZS6MBT | I28: 0 | J28: 0 | K28: 0 | L28: Pacific/Auckland
A29: 142 | B29: Digger, Excavator/Tradestaff, Machines, Trade Staff | C29: 584.02374 | D29: 45842.407 | E29: 54789.542 | F29: Version 9 | G29: 120.42.57 | H29: G94CDT2RF5R3 | I29: 0 | J29: 0 | K29: 0 | L29: Pacific/Auckland
A30: 143 | B30: Digger, Excavator/Tradestaff, Machines, Trade Staff | C30: 439.50159 | D30: 45782.834 | E30: 54789.542 | F30: Version 9 | G30: 120.42.57 | H30: G97CJZK7PW0N | I30: 0 | J30: 0 | K30: 0 | L30: Pacific/Auckland
A31: 144 | B31: Digger, Excavator/Tradestaff, Machines, Trade Staff | C31: 494.29266 | D31: 45782.841 | E31: 54789.542 | F31: Version 9 | G31: 120.37.27 | H31: G9CH5398MV5N | I31: 0 | J31: 0 | K31: 0 | L31: Pacific/Auckland
A32: 146 | B32: Electric Vehicles, Battery Electric Vehicle, Fuel Cell Electric Vehicle, Manually Classified Powertrain, Excavator/Tradestaff, Machines | C32: 11.266312 | D32: 45724.473 | E32: 54789.542 | F32: Version 9 | G32: 120.42.55 | H32: G918211C3B1E | I32: 0 | J32: 0 | K32: 0 | L32: Pacific/Auckland
A33: 200 | B33: Loader, Loader/Trade Staff, Machines | C33: 1218.7343 | D33: 45826.452 | E33: 54789.542 | F33: Version 9 | G33: 120.42.57 | H33: G9XMUXRXUHFA | I33: DNF822 | J33: 0 | K33: 0 | L33: Pacific/Auckland
A34: 202 | B34: Loader, Loader/Trade Staff, Machines, Trade Staff | C34: 33.721222 | D34: 45782.842 | E34: 54789.542 | F34: Version 9 | G34: 120.42.57 | H34: G9H18PAP17UE | I34: JJL907 | J34: 0 | K34: 0 | L34: Pacific/Auckland
A35: 203 | B35: Loader, Loader/Trade Staff, Machines, Trade Staff | C35: 1046.3342 | D35: 45782.843 | E35: 54789.542 | F35: Version 9 | G35: 120.42.57 | H35: G9N7PTSZASUX | I35: B9BKT | J35: 0 | K35: 0 | L35: Pacific/Auckland
A36: 204 | B36: Loader, Loader/Trade Staff | C36: 0 | D36: 45959.563 | E36: 54789.542 | F36: None | G36: -1.. | H36: 0 | I36: 0 | J36: 0 | K36: 0 | L36: UTC
A37: 206 | B37: Loader, Machines, Telehandler/Trade Staff, Trade Staff | C37: 577.38269 | D37: 45782.843 | E37: 54789.542 | F37: Version 9 | G37: 120.42.57 | H37: G9PMT34EV9EP | I37: QPW244 | J37: 0 | K37: 0 | L37: Pacific/Auckland
A38: 207 | B38: Loader, Machines, Telehandler/Trade Staff, Trade Staff | C38: 1619.0862 | D38: 45782.844 | E38: 54789.542 | F38: Version 9 | G38: 120.42.57 | H38: G9VD67CSFR72 | I38: QEG429 | J38: 0 | K38: 0 | L38: Pacific/Auckland
A39: 208 | B39: Loader, Machines, Telehandler/Trade Staff, Trade Staff | C39: 102.41561 | D39: 45861.619 | E39: 54789.542 | F39: Version 9 | G39: 120.37.27 | H39: G9AE0M2U2XW4 | I39: QEG430 | J39: 0 | K39: 0 | L39: Pacific/Auckland
A40: 209 | B40: Loader, Machines, Telehandler/Trade Staff, Trade Staff | C40: 525.92377 | D40: 45782.846 | E40: 54789.542 | F40: Version 9 | G40: 120.42.57 | H40: G9RS70FNPW7W | I40: QEG431 | J40: 0 | K40: 0 | L40: Pacific/Auckland
A41: 210 | B41: Loader, Diesel, Loader/Trade Staff, Machines, Trade Staff | C41: 513.34998 | D41: 45895.666 | E41: 54789.542 | F41: Version 9 | G41: 120.42.57 | H41: G9S1YZ20ERNN | I41: 0 | J41: 0 | K41: 0 | L41: Pacific/Auckland
A42: 3414 | B42: Heavy Diesel Vehicles, HDV/Trade Staff, Machines, Trade Staff | C42: 171325.34 | D42: 45782.958 | E42: 54789.542 | F42: Version 9 | G42: 120.42.57 | H42: G9R2VNN6AEF6 | I42: 0 | J42: 0 | K42: 0 | L42: Pacific/Auckland
A43: 3418 | B43: Roller, Machines, Roller/Trade Staff, Trade Staff | C43: 0.038896903 | D43: 45782.85 | E43: 54789.542 | F43: Version 9 | G43: 120.42.57 | H43: G9SV4TP3K9RH | I43: 0 | J43: 0 | K43: 0 | L43: Pacific/Auckland
A44: 3420 | B44: Roller, Machines, Roller/Trade Staff, Trade Staff | C44: 50.01572 | D44: 45782.851 | E44: 54789.542 | F44: Version 9 | G44: 120.37.27 | H44: G9WW8A64TCM9 | I44: EKW475 | J44: 0 | K44: 0 | L44: Pacific/Auckland
A45: 3421 | B45: Grader, Grader/Trade Staff, Machines, Trade Staff | C45: 60.835777 | D45: 45782.851 | E45: 54789.542 | F45: Version 9 | G45: 120.37.27 | H45: G90U7JYD5F1E | I45: EKW476 | J45: 0 | K45: 0 | L45: Pacific/Auckland
A46: 3422 | B46: Grader, Grader/Trade Staff, Machines, Trade Staff | C46: 194.3147 | D46: 45782.854 | E46: 54789.542 | F46: Version 9 | G46: 120.37.27 | H46: G9PUXWWAS21S | I46: EJG668 | J46: 0 | K46: 0 | L46: Pacific/Auckland
A47: 445 | B47: Light Diesel Vehicles, LDV/Trade Staff, Trade Staff | C47: 351607.66 | D47: 45723.435 | E47: 54789.542 | F47: Version 9 | G47: 120.42.57 | H47: G90B211C4474 | I47: FDT602 | J47: 0 | K47: JTFST22P500005126 | L47: Pacific/Auckland
A48: 448 | B48: Light Diesel Vehicles, Diesel, LDV/Trade Staff, Trade Staff | C48: 271311.47 | D48: 45711.901 | E48: 54789.542 | F48: Version 9 | G48: 120.42.57 | H48: G9E7F2S8N1US | I48: GUR891 | J48: 0 | K48: JTFST22P100016575 | L48: Pacific/Auckland
A49: 463 | B49: Light Diesel Vehicles, LDV/Trade Staff, Trade Staff | C49: 273285.25 | D49: 45734.599 | E49: 54789.542 | F49: Version 9 | G49: 120.45.22 | H49: G9C0211BE21A | I49: FQC642 | J49: 0 | K49: MNAUSFE90AW890258 | L49: Pacific/Auckland
A50: 465 | B50: Light Diesel Vehicles, Diesel, LDV/Trade Staff, Trade Staff | C50: 291364 | D50: 45724.66 | E50: 54789.542 | F50: Version 9 | G50: 120.45.22 | H50: G9B3211A6EE4 | I50: JBB745 | J50: 0 | K50: MNAUMFF50FW426955 | L50: Pacific/Auckland
A51: 470 | B51: Light Diesel Vehicles, LDV/Trade Staff, Trade Staff | C51: 320214.78 | D51: 45782.945 | E51: 54789.542 | F51: Version 9 | G51: 120.45.20 | H51: G9YNXYF3TYU3 | I51: FUB380 | J51: 0 | K51: MNAUSFE90AW918854 | L51: Pacific/Auckland
A52: 471 | B52: Light Diesel Vehicles, LDV/PE, PE | C52: 324297.03 | D52: 45724.488 | E52: 54789.542 | F52: Version 9 | G52: 120.42.59 | H52: G92E211C5146 | I52: FRM776 | J52: 0 | K52: MNAUSFE90AW889714 | L52: Pacific/Auckland
A53: 476 | B53: Light Diesel Vehicles, LDV/Trade Staff, Trade Staff | C53: 390382.41 | D53: 45724.482 | E53: 54789.542 | F53: Version 9 | G53: 120.42.57 | H53: G971211C5119 | I53: GBN844 | J53: 0 | K53: 0 | L53: Pacific/Auckland
A54: 486 | B54: Light Diesel Vehicles, Diesel, LDV/Trade Staff, Trade Staff | C54: 283860 | D54: 45782.945 | E54: 54789.542 | F54: Version 9 | G54: 120.45.22 | H54: G937NNNRPH73 | I54: LER932 | J54: 0 | K54: MPBUMFF50HX139869 | L54: Pacific/Auckland
A55: 487 | B55: Light Diesel Vehicles, Diesel, LDV/Trade Staff, Trade Staff | C55: 203129.36 | D55: 45724.473 | E55: 54789.542 | F55: Version 9 | G55: 120.45.22 | H55: G906211C4479 | I55: LER933 | J55: 0 | K55: MPBUMFF50HX142760 | L55: Pacific/Auckland
A56: 488 | B56: Light Diesel Vehicles, Diesel, LDV/Trade Staff, Trade Staff | C56: 200641 | D56: 45711.9 | E56: 54789.542 | F56: Version 9 | G56: 120.42.59 | H56: G9Z59VY94T2B | I56: LER937 | J56: 0 | K56: MPBUMFF50HX139870 | L56: Pacific/Auckland
A57: 489 | B57: Light Diesel Vehicles, Diesel, LDV/Trade Staff, Trade Staff | C57: 245581 | D57: 45782.946 | E57: 54789.542 | F57: Version 9 | G57: 120.45.22 | H57: G9PAT79T3CRK | I57: LER940 | J57: 0 | K57: MPBUMFF50HX135602 | L57: Pacific/Auckland
A58: 490 | B58: Light Diesel Vehicles, Diesel, LDV/Other Management, Other Management | C58: 234892 | D58: 45711.897 | E58: 54789.542 | F58: Version 9 | G58: 120.45.22 | H58: G9D6211A6C83 | I58: LER936 | J58: 0 | K58: MPBUMFF50JX151016 | L58: Pacific/Auckland
A59: 491 | B59: Light Diesel Vehicles, LDV/Trade Staff, Trade Staff | C59: 232234.22 | D59: 45724.469 | E59: 54789.542 | F59: Version 9 | G59: 120.42.57 | H59: G9AF211BE372 | I59: LGJ618 | J59: 0 | K59: 0 | L59: Pacific/Auckland
A60: 492 | B60: Light Diesel Vehicles, Diesel, LDV/Trade Staff, Trade Staff | C60: 214811 | D60: 45730.517 | E60: 54789.542 | F60: Version 9 | G60: 120.45.20 | H60: G914211C446B | I60: LKZ964 | J60: 0 | K60: MPBUMFF50JX153102 | L60: Pacific/Auckland
A61: 493 | B61: Light Diesel Vehicles, Diesel, LDV/Trade Staff, Trade Staff | C61: 241564 | D61: 45711.909 | E61: 54789.542 | F61: Version 9 | G61: 120.42.57 | H61: G9UT9MD7X25N | I61: LJJ940 | J61: 0 | K61: MPBUMFF50JX155996 | L61: Pacific/Auckland
A62: 494 | B62: Light Diesel Vehicles, Diesel, LDV/Trade Staff, Trade Staff | C62: 342511 | D62: 45807.115 | E62: 54789.542 | F62: Version 9 | G62: 120.45.21 | H62: G9NW0SB5JJT4 | I62: GSN851 | J62: 0 | K62: MNAUMFF50DW166402 | L62: Pacific/Auckland
A63: 495 | B63: Light Diesel Vehicles, Diesel, LDV/Trade Staff, Trade Staff | C63: 260095 | D63: 45721.965 | E63: 54789.542 | F63: Version 9 | G63: 120.42.57 | H63: G9HM80J63H4D | I63: GTH864 | J63: 0 | K63: MM0UP0YF100136059 | L63: Pacific/Auckland
A64: 496 | B64: Light Diesel Vehicles, Diesel, LDV/Trade Staff, Trade Staff | C64: 307523.03 | D64: 45711.907 | E64: 54789.542 | F64: Version 9 | G64: 120.45.22 | H64: G9WVND1NZR5U | I64: JYY52 | J64: 0 | K64: MNAUM2F50FW416363 | L64: Pacific/Auckland
A65: 499 | B65: Light Diesel Vehicles, Diesel, LDV/Trade Staff, Trade Staff | C65: 216087 | D65: 45782.946 | E65: 54789.542 | F65: Version 9 | G65: 120.45.22 | H65: G9ZR500T12RW | I65: LNW704 | J65: 0 | K65: MPBUMFF50JX172412 | L65: Pacific/Auckland
A66: 500 | B66: Light Diesel Vehicles, Diesel, LDV/Trade Staff, Trade Staff | C66: 313710 | D66: 45724.467 | E66: 54789.542 | F66: Version 9 | G66: 120.42.57 | H66: G96E211C5005 | I66: GNA826 | J66: 0 | K66: MM0UP0YF100131547 | L66: Pacific/Auckland
A67: 501 | B67: Light Diesel Vehicles, Diesel, LDV/Trade Staff, Trade Staff | C67: 191253 | D67: 45724.486 | E67: 54789.542 | F67: Version 9 | G67: 120.42.57 | H67: G9FR3C2VRKST | I67: GPR852 | J67: 0 | K67: MM0UP0YF100125065 | L67: Pacific/Auckland
A68: 502 | B68: Light Diesel Vehicles, Diesel, LDV/Supervisor, Supervisor | C68: 222856 | D68: 45734.562 | E68: 54789.542 | F68: Version 9 | G68: 120.45.24 | H68: G96RNKEN5TRF | I68: MBF560 | J68: 0 | K68: MPBUMFF50JX204764 | L68: Pacific/Auckland
A69: 503 | B69: Light Diesel Vehicles, Diesel, LDV/Trade Staff, Trade Staff | C69: 226992 | D69: 45782.947 | E69: 54789.542 | F69: Version 9 | G69: 120.45.22 | H69: G9MEUJNUNVNF | I69: HHS395 | J69: 0 | K69: MNAUMFF50EW250916 | L69: Pacific/Auckland
A70: 505 | B70: Light Diesel Vehicles, LDV/Trade Staff, Trade Staff | C70: 227499.02 | D70: 45724.486 | E70: 54789.542 | F70: Version 9 | G70: 120.42.57 | H70: G9B5211A6EE2 | I70: HQL909 | J70: 0 | K70: 0 | L70: Pacific/Auckland
A71: 508 | B71: Light Diesel Vehicles, Diesel, LDV/Trade Staff, Trade Staff | C71: 307822.78 | D71: 45807.563 | E71: 54789.542 | F71: Version 9 | G71: 120.45.22 | H71: G9BYHXDZYTJS | I71: JSC564 | J71: 0 | K71: MNAUMFF50GW545039 | L71: Pacific/Auckland
A72: 509 | B72: Light Diesel Vehicles, Diesel, LDV/PM, PM | C72: 135374 | D72: 45782.948 | E72: 54789.542 | F72: Version 9 | G72: 120.42.57 | H72: G9FU3TR603BC | I72: MTZ279 | J72: 0 | K72: MPBUMFF50KX264312 | L72: Pacific/Auckland
A73: 510 | B73: Light Diesel Vehicles, Diesel, LDV/PE, PE | C73: 139270 | D73: 45782.948 | E73: 54789.542 | F73: Version 9 | G73: 120.42.57 | H73: G9H2KS9R6AKS | I73: MTZ278 | J73: 0 | K73: MPBUMFF50LX266963 | L73: Pacific/Auckland
A74: 511 | B74: Light Diesel Vehicles, Diesel, LDV/Trade Staff, Trade Staff | C74: 210375 | D74: 45782.948 | E74: 54789.542 | F74: Version 9 | G74: 120.45.22 | H74: G93WYUWHSU8B | I74: KCU68 | J74: 0 | K74: MNAUMFF50GW582771 | L74: Pacific/Auckland
A75: 512 | B75: Light Diesel Vehicles, Diesel, LDV/Trade Staff, Trade Staff | C75: 224995 | D75: 45782.95 | E75: 54789.542 | F75: Version 9 | G75: 120.45.22 | H75: G98ZZCXYU1H0 | I75: HYN614 | J75: 0 | K75: MNAUMFF50EW308528 | L75: Pacific/Auckland
A76: 513 | B76: Light Diesel Vehicles, Diesel, LDV/PE, PE | C76: 169380 | D76: 45782.95 | E76: 54789.542 | F76: Version 9 | G76: 120.42.57 | H76: G9TS3SP11T1D | I76: MWR962 | J76: 0 | K76: MPBUMFF50LX272016 | L76: Pacific/Auckland
A77: 514 | B77: Light Diesel Vehicles, Diesel, LDV/Trade Staff, Trade Staff | C77: 151222 | D77: 45711.908 | E77: 54789.542 | F77: Version 9 | G77: 120.42.57 | H77: G97VUAAMVVMW | I77: LFW259 | J77: 0 | K77: MM0UR0YG100819478 | L77: Pacific/Auckland
A78: 515 | B78: Light Diesel Vehicles, Diesel, LDV/Supervisor, Supervisor | C78: 143570 | D78: 45782.951 | E78: 54789.542 | F78: Version 9 | G78: 120.45.22 | H78: G9WYSR3WK6D0 | I78: NAJ997 | J78: 0 | K78: MPBUMFF50LX278476 | L78: Pacific/Auckland
A79: 516 | B79: Light Petrol Vehicles, Gasoline or Petrol, LPV/PM, Other Management | C79: 102142 | D79: 45711.899 | E79: 54789.542 | F79: Version 9 | G79: 120.42.57 | H79: G952211A6C07 | I79: NHQ894 | J79: 0 | K79: JTDBB3BE40J034224 | L79: Pacific/Auckland
A80: 517 | B80: Light Diesel Vehicles, Diesel, LDV/PM, PM | C80: 99256.898 | D80: 45712.513 | E80: 54789.542 | F80: Version 9 | G80: 120.42.57 | H80: G920XKB3ZWES | I80: NNM799 | J80: 0 | K80: MPBUMFF60MX340967 | L80: Pacific/Auckland
A81: 518 | B81: Light Diesel Vehicles, Diesel, LDV/PM, PM | C81: 108708.2 | D81: 45711.909 | E81: 54789.542 | F81: Version 9 | G81: 120.42.59 | H81: G96TN5TW4ZSF | I81: NQS995 | J81: 0 | K81: MNAUMFF60MW168810 | L81: Pacific/Auckland
A82: 519 | B82: Light Diesel Vehicles, Diesel, LDV/PM, PM | C82: 141324.59 | D82: 45693.652 | E82: 54789.542 | F82: Version 9 | G82: 120.42.59 | H82: G9SN0M1FNC3B | I82: NQS996 | J82: 0 | K82: MNAUMFF60MW168796 | L82: Pacific/Auckland
A83: 520 | B83: Light Diesel Vehicles, LDV/Other Management, Other Management | C83: 120308 | D83: 45805.519 | E83: 54789.542 | F83: None | G83: -1.. | H83: 0 | I83: NRJ849 | J83: 0 | K83: MNAUMFF60MW170095 | L83: UTC
A84: 521 | B84: Light Diesel Vehicles, Diesel, LDV/PE, Other Management | C84: 153736.59 | D84: 45712.512 | E84: 54789.542 | F84: Version 9 | G84: 120.42.57 | H84: G9W8T5W5TJBH | I84: NRJ851 | J84: 0 | K84: MNAUMFF60MW170096 | L84: Pacific/Auckland
A85: 522 | B85: Light Diesel Vehicles, Diesel, LDV/PE, PE | C85: 96140.203 | D85: 45782.951 | E85: 54789.542 | F85: Version 9 | G85: 120.45.22 | H85: G959RDZP1H3W | I85: NSR530 | J85: 0 | K85: MNAUMFF60MW176931 | L85: Pacific/Auckland
A86: 523 | B86: Light Diesel Vehicles, Diesel, LDV/PE, PE | C86: 95485.5 | D86: 45711.905 | E86: 54789.542 | F86: Version 9 | G86: 120.42.57 | H86: G9317WZB9RM4 | I86: NSR531 | J86: 0 | K86: MNAUMFF60MW176935 | L86: Pacific/Auckland
A87: 524 | B87: Light Diesel Vehicles, Diesel, LDV/Trade Staff, Trade Staff | C87: 96237.297 | D87: 45721.968 | E87: 54789.542 | F87: Version 9 | G87: 120.42.57 | H87: G9ZF7YU7WDW7 | I87: NZF473 | J87: 0 | K87: MR0JA3DD300349509 | L87: Pacific/Auckland
A88: 525 | B88: Light Diesel Vehicles, Diesel, LDV/Trade Staff, Trade Staff | C88: 138673.41 | D88: 45807.562 | E88: 54789.542 | F88: Version 9 | G88: 120.42.57 | H88: G9A3TKXBWJ41 | I88: NZW104 | J88: 0 | K88: MR0JA3DD300349526 | L88: Pacific/Auckland
A89: 526 | B89: Light Diesel Vehicles, Diesel, LDV/Supervisor, Supervisor | C89: 95277.898 | D89: 45782.952 | E89: 54789.542 | F89: Version 9 | G89: 120.42.57 | H89: G9VWFN34WNKK | I89: NZW118 | J89: 0 | K89: MR0JA3DDX00371667 | L89: Pacific/Auckland
A90: 527 | B90: Light Diesel Vehicles, Diesel, LDV/Supervisor, Supervisor | C90: 97587.398 | D90: 45782.953 | E90: 54789.542 | F90: Version 9 | G90: 120.42.57 | H90: G9WWXVES7ZVV | I90: PAP496 | J90: 0 | K90: MR0JA3DD600349536 | L90: Pacific/Auckland
A91: 528 | B91: Light Diesel Vehicles, Diesel, LDV/Trade Staff, Trade Staff | C91: 89151.797 | D91: 45782.953 | E91: 54789.542 | F91: Version 9 | G91: 120.42.57 | H91: G933JZ6MV04H | I91: PCE760 | J91: 0 | K91: MR0JA3DD800349571 | L91: Pacific/Auckland
A92: 530 | B92: Light Diesel Vehicles, Diesel, LDV/Other Management, Other Management | C92: 151185 | D92: 45716.483 | E92: 54789.542 | F92: Version 9 | G92: 120.42.57 | H92: G95ZHRRVYTAM | I92: MAR717 | J92: 0 | K92: MR0JA3DDX00344484 | L92: Pacific/Auckland
A93: 531 | B93: Light Diesel Vehicles, LDV/Trade Staff, Trade Staff | C93: 320792.59 | D93: 45807.562 | E93: 54789.542 | F93: Version 9 | G93: 120.42.57 | H93: G9MZ91R7SWNN | I93: GUJ411 | J93: 0 | K93: 0 | L93: Pacific/Auckland
A94: 532 | B94: Electric Vehicles, Battery Electric Vehicle, BYD, EV/PE, PE | C94: 49620.277 | D94: 45782.953 | E94: 54789.542 | F94: Version 9 | G94: 120.45.22 | H94: G9K1YD6WD4P7 | I94: QAJ980 | J94: 0 | K94: LGXCE4CB9P2039772 | L94: Pacific/Auckland
A95: 533 | B95: Electric Vehicles, Battery Electric Vehicle, BYD, EV/Other Management, Other Management | C95: 28001.48 | D95: 45538.582 | E95: 54789.542 | F95: Version 9 | G95: 120.42.57 | H95: G9P2UPYBVE0Y | I95: QAU621 | J95: 0 | K95: LGXCE4CB8P2039861 | L95: Pacific/Auckland
A96: 534 | B96: Electric Vehicles, Battery Electric Vehicle, EV/Other Management, Other Management | C96: 32160 | D96: 45782.942 | E96: 54789.542 | F96: Version 9 | G96: 120.42.59 | H96: G949VT146DYK | I96: QFC57 | J96: 0 | K96: LRWYHCFS4PC205476 | L96: Pacific/Auckland
A97: 535 | B97: Electric Vehicles, Battery Electric Vehicle, EV/PM, PM | C97: 46490.801 | D97: 45782.954 | E97: 54789.542 | F97: Version 9 | G97: 120.42.57 | H97: G96868U7EAWZ | I97: QFC58 | J97: 0 | K97: LRWYHCFS5PC205082 | L97: Pacific/Auckland
A98: 536 | B98: Electric Vehicles, Battery Electric Vehicle, EV/Other Management, Other Management | C98: 71890.398 | D98: 45720.96 | E98: 54789.542 | F98: Version 9 | G98: 120.45.22 | H98: G93VNTJEVMVH | I98: QFC71 | J98: 0 | K98: LRWYHCFS3PC205081 | L98: Pacific/Auckland
A99: 537 | B99: Light Diesel Vehicles, Diesel, LDV/Supervisor, Supervisor | C99: 57550 | D99: 45723.443 | E99: 54789.542 | F99: Version 9 | G99: 120.42.57 | H99: G9D22RY888ED | I99: QJZ870 | J99: 0 | K99: MR0JA3DD700352025 | L99: Pacific/Auckland
A100: 538 | B100: Light Diesel Vehicles, Diesel, LDV/PE, PE | C100: 69006.5 | D100: 45724.487 | E100: 54789.542 | F100: Version 9 | G100: 120.42.57 | H100: G91F211C476D | I100: QJZ871 | J100: 0 | K100: MR0JA3DD400352032 | L100: Pacific/Auckland
A101: 539 | B101: Light Diesel Vehicles, Diesel, LDV/Supervisor, Supervisor | C101: 42092.5 | D101: 45724.479 | E101: 54789.542 | F101: Version 9 | G101: 120.42.57 | H101: G908211C4477 | I101: QJZ872 | J101: 0 | K101: MR0JA3DD300372188 | L101: Pacific/Auckland
A102: 540 | B102: Light Diesel Vehicles, Diesel, LDV/PE, PE | C102: 50947.102 | D102: 45722.461 | E102: 54789.542 | F102: Version 9 | G102: 120.42.57 | H102: G98E0YZ3A48W | I102: QJZ873 | J102: 0 | K102: MR0JA3DD200352028 | L102: Pacific/Auckland
...

Sheet Languages
A1: English | B1: French Canada | C1: Spanish | D1: German | E1: Japanese | F1: Polish | G1: Portuguese-Brazil | H1: Dutch | I1: Italian | J1: Simplified Chinese | K1: Thai | L1: Indonesian | M1: Czech | N1: Swedish | O1: Turkish | P1: Malay | Q1: French France | R1: Korean | S1: Traditional Chinese
A2: **Device | B2: Dispositif | C2: Dispositivo | D2: Gerät | E2: デバイス | F2: Urzadzenie | G2: Dispositivo | H2: Apparaat | I2: Dispositivo | J2: 设备 | K2: อุปกรณ์ | L2: Perangkat | M2: Zařízení | N2: Enhet | O2: Aygıt | P2: Peranti | Q2: Boîtier | R2: 장치 | S2: 裝置
A3: **First Name | B3: Prénom | C3: Nombre | D3: Vorname | E3: ファーストネー | F3: Imie | G3: Nome | H3: Voornaam | I3: Nome | J3: 名字 | K3: ชื่อ | L3: Nama Depan | M3: Křestní jméno | N3: Förnamn | O3: Ad | P3: Nama pertama | Q3: Prénom | R3: 이름 | S3: 名字
A4: **Last Name | B4: Nom de famille | C4: Apellido | D4: Nachname | E4: ラストネーム | F4: Nazwisko | G4: Sobrenome | H4: Achternaam | I4: Cognome | J4: 姓氏 | K4: นามสกุล | L4: Nama belakang | M4: Příjmení | N4: Efternamn | O4: Soyadı | P4: Nama keluarga | Q4: Nom de famille | R4: 성 | S4: 姓氏
A5: **Device Group | B5: Groupe de dispositifs | C5: Grupo de dispositivos | D5: Gerätegruppe | E5: デバイスグループ | F5: Grupa urzadzen | G5: Grupo de dispositivo | H5: Apparaatgroep | I5: Gruppo di dispositivi | J5: 设备的组名 | K5: กลุ่มอุปกรณ์ | L5: Grup Perangkat | M5: Skupina zařízení | N5: Enhetsgrupp | O5: Aygıt Grubu | P5: Kumpulan Peranti | Q5: Groupe de boîtiers | R5: 장치 그룹 | S5: 裝置群組
A6: **Current Driver | B6: Chauffeur actuel | C6: Conductor actual | D6: Aktueller Fahrer | E6: 現在のドライバー | F6: Aktualny kierowca | G6: Motorista atual | H6: Huidige chauffeur | I6: Conducente attuale | J6: 当前驾驶员 | K6: ผู้ขับปัจจุบัน | L6: Pengemudi Saat Ini | M6: Aktuální řidič | N6: Aktuell förare | O6: Geçerli Sürücü | P6: Pemandu semasa | Q6: Conducteur actuel | R6: 현재 운전자 | S6: 目前駕駛
A7: **Current Activity | B7: Activité actuelle | C7: Actividad actual | D7: Aktuelle Aktivität | E7: 現在のアクティビティ | F7: Aktualna aktywnosc | G7: Atividade atual | H7: Huidige activiteit | I7: Attività attuale | J7: 当前活动 | K7: กิจกรรมปัจจุบัน | L7: Aktivitas Saat Ini | M7: Aktuální aktivita | N7: Nuvarande aktivitet | O7: Geçerli Etkinlik | P7: Aktiviti Semasa | Q7: Activité actuelle | R7: 현재 활동 | S7: 目前活動
A8: **Last Stop Address | B8: Adresse du dernier arrêt | C8: Dirección de la última parada | D8: Adresse letzter Stopp | E8: 最終停車地の住所 | F8: Ostatni adres postoju | G8: Último endereço de parada | H8: Laatste stopadres | I8: Indirizzo dell'ultima sosta | J8: 上次停车地址 | K8: ที่อยู่ที่หยุดครั้งสุดท้าย | L8: Last Stop Address | M8: Adresa poslední zastávky | N8: Senaste stoppadress | O8: Son Duraklama Adresi | P8: Alamat Hentian Terakhir | Q8: Adresse du dernier arrêt | R8: 마지막 정지 주소 | S8: 上次停靠站地址
A9: **Last Stop Zone Types | B9: Type de zones du dernier arrêt | C9: Tipos de zona de la última parada | D9: Zonentyp letzter Stopp | E9: 最終停車地のゾーンタイプ | F9: Typy stref ostatniego postoju | G9: Últimos tipos da zona de parada | H9: Types laatste stopzone | I9: Tipi di zona dell'ultima sosta | J9: 上次停车区类型 | K9: ประเภทโซนที่หยุดครั้งสุดท้าย | L9: Last Stop Zone Types | M9: Typy zón poslední zastávky | N9: Senaste stoppzonstyper | O9: Son Duraklama Alan Türleri | P9: Jenis Zon Hentian Terakhir | Q9: Type de zone du dernier arrêt | R9: 마지막 정지 구역 유형 | S9: 上次停車區域類型
A10: **Current Odometer | B10: Odomètre actuel | C10: Odómetro actual | D10: Derzeitiger Kilometerstand | E10: 現在のオドメーター | F10: Aktualny stan licznika | G10: Hodômetro atual | H10: Huidige kilometerteller | I10: Contachilometri attuale | J10: 当前里程 | K10: มาตรระยะทางปัจจุบัน | L10: Odometer Saat Ini | M10: Aktuální počítadlo ujetých kilometrů | N10: Aktuell mätarställning | O10: Geçerli Kilometre Sayacı | P10: Odometer semasa | Q10: Odomètre actuel | R10: 현재 주행 기록계 | S10: 目前里程表
A11: **Current Engine Hours | B11: Heures de moteur actuelles | C11: Horas del motor actual | D11: Aktuelle Betriebsstunden | E11: 現在のエンジン稼働時間 | F11: Biezace godziny pracy silnika | G11: Horas de motor atuais | H11: Huidige motoruren | I11: Ore motore attuali | J11: 当前发动机运转小时数 | K11: จำนวนชั่วโมงเดินเครื่องปัจจุบัน | L11: Jam Mesin Saat Ini | M11: Aktuální doba chodu motoru | N11: Nuvarande motortimmar | O11: Geçerli Motor Saati | P11: Jam Enjin Beroperasi Semasa | Q11: Heures-moteur actuelles | R11: 현재 엔진 시간 | S11: 目前引擎時數
A12: **Active from | B12: Actif depuis | C12: Activo desde | D12: Aktiv seit | E12: アクティブ開始： | F12: Aktywny od | G12: Ativo desde | H12: Actief van | I12: Attivo da | J12: 激活自 | K12: ใช้งานตั้งแต่ | L12: Aktif dari | M12: Aktivní od | N12: Aktiv från | O12: Bu tarihten itibaren aktif | P12: Aktif dari | Q12: Actif depuis | R12: 활성 시작 | S12: 使用中自
... A31: **Plan | B31: Forfait | C31: Plan | D31: Plan | E31: プラン | F31: Plan | G31: Plano | H31: Plan | I31: Piano | J31: 计划 | K31: แผน | L31: Paket | M31: Plán | N31: Plan | O31: Plan | P31: Pelan | Q31: Forfait | R31: 계획 | S31: 計劃
